Total Rainfall,Average Flow Rate,Average Water Level
0.0,1.327,0.398
0.0,0.262,0.244
0.0,0.59,0.301
0.0,1.067,0.377
7.2,0.94,0.36
11.6,1.717,0.445
0.2,3.253,0.564
0.8,3.812,0.603
7.0,4.323,0.631
5.0,1.446,0.392
0.2,0.659,0.314
32.6,0.279,0.235
4.6,1.23,0.394
6.6,10.426,0.91
1.2,3.281,0.568
1.2,2.739,0.529
0.8,0.833,0.328
19.8,1.215,0.373
0.0,1.632,0.436
18.6,2.924,0.517
9.4,7.751,0.816
11.8,6.962,0.778
3.6,8.753,0.861
0.0,9.502,0.895
0.0,5.205,0.678
7.6,1.026,0.354
3.0,0.114,0.201
0.2,0.571,0.296
1.4,2.049,0.466
0.0,2.819,0.535
12.8,3.174,0.559
0.0,4.95,0.671
0.6,2.853,0.532
0.0,2.335,0.497
0.0,5.397,0.692
0.0,5.356,0.69
0.0,4.629,0.651
10.2,5.948,0.718
32.8,7.13,0.769
4.6,14.813,1.107
0.4,11.235,0.967
8.2,8.977,0.871
0.0,5.473,0.7
0.0,4.386,0.639
0.0,3.426,0.577
2.0,0.885,0.306
0.0,2.824,0.535
0.0,3.175,0.561
0.0,1.834,0.451
0.0,0.55,0.3
0.0,0.145,0.206
0.0,0.135,0.202
0.0,0.109,0.201
0.0,0.158,0.213
0.0,0.171,0.218
0.0,0.007,0.199
0.0,0.303,0.251
0.0,1.484,0.413
0.0,2.714,0.527
0.0,1.708,0.442
0.0,1.362,0.409
0.0,0.802,0.333
0.0,0.327,0.257
1.8,1.576,0.405
9.0,1.669,0.441
2.8,1.602,0.348
2.0,13.38,1.051
0.0,6.767,0.764
1.8,6.531,0.754
0.0,8.73,0.861
2.4,8.508,0.851
1.4,5.347,0.69
0.0,1.508,0.417
6.8,1.096,0.377
2.0,5.131,0.636
0.2,6.895,0.77
15.8,14.197,1.036
0.2,2.056,0.459
0.2,0.247,0.239
5.4,6.202,0.707
2.0,2.657,0.509
3.4,32.028,1.566
1.8,37.712,1.856
0.2,10.868,0.94
0.0,5.882,0.722
0.2,5.749,0.715
1.4,5.542,0.704
20.8,6.536,0.757
8.2,6.537,0.756
10.2,4.459,0.606
1.4,6.833,0.772
17.8,9.453,0.891
6.6,8.05,0.829
1.2,8.394,0.845
5.0,12.532,1.018
3.6,10.177,0.919
11.0,6.402,0.749
9.2,6.531,0.756
30.0,10.612,0.933
0.2,7.094,0.782
11.0,10.555,0.921
1.2,4.853,0.662
7.2,3.315,0.552
26.2,1.866,0.459
5.8,1.889,0.461
3.6,4.612,0.651
0.2,2.131,0.471
61.0,3.881,0.534
11.6,9.724,0.886
0.0,2.542,0.512
0.0,2.075,0.476
0.0,1.791,0.451
0.0,1.583,0.432
0.0,1.503,0.424
0.0,1.773,0.449
0.0,2.815,0.535
0.0,2.429,0.505
0.0,1.663,0.44
0.0,1.473,0.422
0.0,1.897,0.461
0.0,1.987,0.469
0.0,2.003,0.471
0.0,1.429,0.414
0.0,0.426,0.277
0.0,0.135,0.202
0.0,0.265,0.243
0.4,0.84,0.346
4.0,15.008,1.081
0.0,3.627,0.589
0.0,4.154,0.623
0.0,2.326,0.489
1.6,1.029,0.368
2.4,1.782,0.451
4.2,1.559,0.43
1.4,1.606,0.435
0.0,2.291,0.494
5.4,3.096,0.552
9.0,10.732,0.933
14.2,9.19,0.881
13.4,7.843,0.817
9.0,5.175,0.683
17.0,4.208,0.628
8.0,4.137,0.595
2.2,5.515,0.701
3.0,8.153,0.834
6.6,7.15,0.786
4.0,4.627,0.652
1.8,3.1,0.554
14.4,7.485,0.797
20.6,7.203,0.778
13.6,5.521,0.703
8.0,4.229,0.628
11.2,3.137,0.558
44.6,10.947,0.946
22.2,13.305,1.049
9.8,10.312,0.925
7.0,13.729,1.0
1.2,7.497,0.803
2.6,6.239,0.742
0.0,6.092,0.734
0.0,2.945,0.528
0.8,0.529,0.302
8.6,0.467,0.29
22.4,1.088,0.369
10.0,6.649,0.76
15.4,11.72,0.981
0.2,11.624,0.984
0.2,9.633,0.899
9.6,7.291,0.794
27.4,7.402,0.799
3.8,5.221,0.682
17.2,2.863,0.538
7.0,18.174,1.181
25.2,6.107,0.73
10.0,10.417,0.934
4.6,9.486,0.893
11.8,4.919,0.653
16.0,19.933,1.287
4.8,11.907,0.988
28.6,11.189,0.963
2.6,9.122,0.876
0.0,3.793,0.595
1.8,0.783,0.323
5.6,0.157,0.212
0.2,1.389,0.406
9.2,2.675,0.511
4.2,3.705,0.592
2.4,1.701,0.443
10.8,9.115,0.809
3.2,0.138,0.203
13.8,0.108,0.2
6.8,0.462,0.281
7.6,2.306,0.493
0.2,1.615,0.434
0.0,1.188,0.391
0.0,0.931,0.36
0.0,0.475,0.291
0.2,0.418,0.281
0.4,0.767,0.338
0.2,1.871,0.455
0.0,2.254,0.491
0.4,1.608,0.435
0.4,1.46,0.42
0.6,1.149,0.386
0.0,0.754,0.337
0.0,1.948,0.46
3.4,4.581,0.649
0.0,5.18,0.685
0.0,5.257,0.689
27.2,7.975,0.825
3.2,5.94,0.724
4.2,5.324,0.692
5.0,3.083,0.525
15.4,0.85,0.338
8.8,2.623,0.516
18.2,4.385,0.627
9.8,14.08,1.066
8.2,11.819,0.992
19.0,11.129,0.956
13.0,20.694,1.2
8.6,36.743,1.822
20.8,19.838,1.281
13.8,17.636,1.207
16.2,14.092,1.079
9.6,10.748,0.948
4.8,8.532,0.851
0.2,4.608,0.649
4.4,3.384,0.571
7.0,6.232,0.741
7.8,6.854,0.771
7.0,4.54,0.641
0.8,3.853,0.606
13.0,4.632,0.64
17.4,7.775,0.817
1.2,5.938,0.723
0.0,4.618,0.652
0.0,5.53,0.704
0.0,6.05,0.732
0.0,3.815,0.598
0.0,2.92,0.542
0.0,1.618,0.414
2.8,0.322,0.255
0.0,0.445,0.287
0.0,0.302,0.254
0.8,0.143,0.205
3.2,0.119,0.201
0.0,0.248,0.238
25.4,4.267,0.596
1.0,4.346,0.634
28.0,6.682,0.742
18.8,8.576,0.854
10.0,5.121,0.676
14.0,12.941,1.033
9.0,6.285,0.74
1.0,5.769,0.717
10.2,6.389,0.743
0.0,1.231,0.384
0.0,0.249,0.242
0.0,0.177,0.219
0.0,0.128,0.2
0.0,0.176,0.218
0.0,0.376,0.272
0.0,0.647,0.321
6.8,1.386,0.407
4.6,1.693,0.443
2.0,1.804,0.453
0.8,2.062,0.476
3.8,2.233,0.489
0.0,3.306,0.569
0.0,3.28,0.568
0.0,1.496,0.416
0.0,1.498,0.417
0.2,6.019,0.722
0.0,7.937,0.824
0.0,4.573,0.648
0.0,2.591,0.518
0.0,3.091,0.553
2.8,3.305,0.567
1.8,1.272,0.309
2.2,6.794,0.754
7.8,4.392,0.628
27.2,3.515,0.569
0.4,4.393,0.639
0.0,3.186,0.561
0.0,2.135,0.481
12.6,2.543,0.511
2.6,2.613,0.517
13.6,2.762,0.483
10.2,8.629,0.852
0.0,4.386,0.639
0.8,2.613,0.516
0.4,0.731,0.325
16.2,1.3,0.384
3.2,3.562,0.587
0.6,1.496,0.408
0.2,0.402,0.278
0.0,0.327,0.261
6.8,0.217,0.233
0.6,0.265,0.245
14.4,0.487,0.288
9.2,1.43,0.417
4.2,2.582,0.501
1.2,0.082,0.198
0.0,0.128,0.207
2.6,0.141,0.212
0.0,1.038,0.36
8.0,0.437,0.27
1.2,0.837,0.348
0.6,1.107,0.381
10.0,1.317,0.405
8.6,1.368,0.389
7.4,0.352,0.265
1.0,0.267,0.244
21.6,1.189,0.374
15.4,2.21,0.486
7.6,2.951,0.509
4.2,0.766,0.326
1.2,0.648,0.318
10.6,0.545,0.303
6.6,1.081,0.363
0.8,0.125,0.2
0.2,0.576,0.278
0.0,1.337,0.403
0.0,1.7,0.439
0.0,1.693,0.441
0.0,0.879,0.353
0.0,0.904,0.356
0.0,1.98,0.467
0.0,3.123,0.557
1.6,3.833,0.605
8.0,3.771,0.598
0.2,4.431,0.641
2.8,2.853,0.529
2.0,0.652,0.314
4.6,0.055,0.2
2.2,1.368,0.404
0.0,1.083,0.378
1.0,1.327,0.402
5.2,2.48,0.509
15.8,4.318,0.625
0.0,7.614,0.808
23.4,22.927,1.322
5.2,11.544,0.98
0.4,5.999,0.711
0.2,2.54,0.513
4.0,1.437,0.397
0.0,1.404,0.413
9.0,1.495,0.401
3.8,0.418,0.282
5.2,0.429,0.278
12.0,6.53,0.751
0.2,6.018,0.729
0.2,5.058,0.678
8.2,6.365,0.742
8.8,5.652,0.697
2.2,3.85,0.604
6.8,6.453,0.752
0.0,4.009,0.607
0.0,1.457,0.42
0.2,1.114,0.383
22.8,1.858,0.456
13.8,2.602,0.518
9.4,0.831,0.326
6.6,0.378,0.249
3.2,40.102,1.887
0.0,40.33,1.939
0.4,16.341,1.155
0.6,6.917,0.773
0.0,3.682,0.594
3.0,1.219,0.368
10.0,0.158,0.213
13.6,0.689,0.321
1.4,4.381,0.592
0.0,5.758,0.712
7.8,3.638,0.592
4.6,6.797,0.748
1.4,3.149,0.559
11.0,3.165,0.56
7.4,3.729,0.594
10.2,5.332,0.689
4.0,4.2,0.618
0.0,5.506,0.698
0.4,6.202,0.736
1.0,4.003,0.608
15.8,3.453,0.555
1.0,4.489,0.639
0.0,1.036,0.356
0.0,0.74,0.327
0.0,0.846,0.349
0.2,0.855,0.351
0.0,0.769,0.339
0.0,1.542,0.422
0.0,5.255,0.685
24.6,5.42,0.671
1.6,10.34,0.926
1.8,5.087,0.678
0.4,3.178,0.56
8.0,4.853,0.642
4.6,6.359,0.748
0.0,6.42,0.751
29.8,7.1,0.784
15.6,25.034,1.314
1.4,0.008,0.119
2.2,1.847,0.381
0.0,0.167,0.215
0.0,0.783,0.329
0.0,1.794,0.452
0.0,1.513,0.425
0.0,0.756,0.334
0.6,0.433,0.284
0.0,0.561,0.307
0.0,0.415,0.279
0.0,0.185,0.221
0.0,0.392,0.268
0.0,0.996,0.369
0.0,0.926,0.36
0.0,3.896,0.597
6.4,3.857,0.602
0.2,1.694,0.443
0.0,1.161,0.387
1.6,11.526,0.766
0.6,12.189,1.006
0.0,8.643,0.856
0.8,6.01,0.729
0.0,4.049,0.617
2.0,0.796,0.215
3.8,6.604,0.754
0.6,5.327,0.69
1.8,3.64,0.588
6.6,2.797,0.533
2.8,2.666,0.521
0.0,2.074,0.474
0.0,1.006,0.369
0.0,1.037,0.372
0.0,1.424,0.416
0.2,0.539,0.299
0.0,0.685,0.317
0.0,0.843,0.337
0.0,0.165,0.214
0.0,0.258,0.244
2.2,0.961,0.315
8.4,4.986,0.656
0.6,0.861,0.352
0.0,0.414,0.277
0.0,0.186,0.222
0.0,0.081,0.2
1.8,0.104,0.201
6.4,0.1,0.201
0.0,0.008,0.199
0.0,0.371,0.266
0.0,0.702,0.33
0.2,0.342,0.263
0.0,0.858,0.344
0.0,3.142,0.556
0.0,4.478,0.644
0.4,2.396,0.495
33.6,6.02,0.716
5.4,4.808,0.659
6.2,2.286,0.494
21.4,3.837,0.599
4.0,4.09,0.62
0.0,1.183,0.367
10.8,2.503,0.503
8.4,2.095,0.478
16.4,1.088,0.371
0.2,0.391,0.272
9.4,1.067,0.367
0.2,1.399,0.414
1.0,1.437,0.418
0.0,1.289,0.402
0.6,0.881,0.353
4.6,1.336,0.382
7.8,22.096,1.178
8.4,13.148,1.044
9.2,9.593,0.895
25.8,6.514,0.752
17.6,11.451,0.977
3.8,8.727,0.857
0.6,4.32,0.633
16.2,4.088,0.613
17.4,16.151,1.142
43.8,15.411,1.127
201.8,37.21,1.83
865.4,34.822,1.768
90.0,33.639,1.716
85.4,11.952,0.952
385.8,45.854,2.117
27.0,30.702,1.632
28.2,24.17,1.427
10.6,16.999,1.184
9.2,14.784,1.105
2.0,7.981,0.814
2.0,4.45,0.427
11.6,6.733,0.733
19.2,2.372,0.493
20.0,3.682,0.588
11.2,7.408,0.771
19.6,11.221,0.94
3.0,10.514,0.938
2.8,5.956,0.722
7.2,3.417,0.575
35.0,3.511,0.58
19.2,4.629,0.653
10.4,3.921,0.597
5.2,1.048,0.372
12.8,5.635,0.7
3.6,6.609,0.76
7.6,6.332,0.746
6.2,3.842,0.599
0.6,3.991,0.609
2.2,5.927,0.723
0.4,6.612,0.76
6.8,5.633,0.71
3.8,4.521,0.646
14.0,4.648,0.646
4.0,13.851,1.065
2.8,5.156,0.679
10.2,4.948,0.328
6.6,0.023,0.161
5.0,0.628,0.312
15.8,0.847,0.35
0.6,0.256,0.23
4.4,0.137,0.202
6.6,0.142,0.205
2.2,0.079,0.198
9.6,2.761,0.505
26.0,6.731,0.765
8.4,43.247,2.007
3.8,0.008,0.162
1.4,0.009,0.192
2.8,0.047,0.2
3.8,0.337,0.262
1.6,0.627,0.313
0.6,0.77,0.339
22.2,1.859,0.444
15.6,3.429,0.575
1.4,3.678,0.593
43.4,5.406,0.682
2.8,9.854,0.91
5.0,10.462,0.936
4.0,9.188,0.881
0.2,10.761,0.947
2.6,7.608,0.8
10.6,1.664,0.404
3.6,0.424,0.282
8.0,0.525,0.302
1.6,0.639,0.32
1.2,0.783,0.333
13.0,2.132,0.47
24.0,7.162,0.774
2.8,6.498,0.75
17.0,8.695,0.853
4.0,4.439,0.629
15.6,0.972,0.349
11.2,0.91,0.354
8.0,1.209,0.394
13.4,1.731,0.445
7.6,3.926,0.606
7.0,2.265,0.483
14.2,0.344,0.219
4.2,3.007,0.526
5.2,5.015,0.674
12.4,8.06,0.698
6.4,23.636,1.407
9.0,17.038,1.187
21.0,15.068,1.116
8.4,9.297,0.878
30.8,10.544,0.931
1.8,5.757,0.714
0.2,3.819,0.603
0.0,4.222,0.628
0.0,3.219,0.561
0.0,2.59,0.518
0.2,2.535,0.514
30.0,3.631,0.558
21.6,14.749,1.104
3.4,4.498,0.601
13.8,1.629,0.43
15.0,3.436,0.578
15.0,3.642,0.592
4.0,4.076,0.586
0.2,6.273,0.743
0.8,6.427,0.751
1.8,5.461,0.7
0.2,3.496,0.581
0.0,3.316,0.57
0.2,3.859,0.606
2.8,3.777,0.414
39.4,17.638,1.208
9.6,13.785,1.067
2.2,12.397,1.014
18.6,7.15,0.754
0.0,1.298,0.401
0.4,0.556,0.306
2.0,1.261,0.397
4.0,16.883,0.976
4.0,0.427,0.273
0.2,0.86,0.335
6.0,1.652,0.438
5.2,1.76,0.44
0.0,5.712,0.713
0.0,6.407,0.75
0.0,4.033,0.613
0.0,1.562,0.426
0.2,1.632,0.429
0.0,3.282,0.568
0.0,4.142,0.623
0.0,2.842,0.528
0.0,0.661,0.318
0.2,0.161,0.213
1.4,0.176,0.196
10.8,2.697,0.524
1.8,2.749,0.53
20.8,2.396,0.503
2.6,1.041,0.234
1.8,13.121,1.042
0.2,6.751,0.759
3.4,2.648,0.517
1.4,3.531,0.581
26.8,2.854,0.532
3.2,9.674,0.898
7.6,7.868,0.819
13.8,5.317,0.692
0.4,4.037,0.614
18.8,3.143,0.557
5.4,3.854,0.605
0.0,3.004,0.549
0.0,2.185,0.484
0.0,0.972,0.362
0.0,1.346,0.4
0.0,2.358,0.5
0.0,1.58,0.431
0.0,0.619,0.312
0.0,0.369,0.271
0.0,0.43,0.284
0.0,0.21,0.229
0.0,0.126,0.201
0.0,0.134,0.201
0.0,0.133,0.201
0.0,0.195,0.224
0.0,0.966,0.358
0.0,1.445,0.418
0.6,1.216,0.395
0.0,2.038,0.472
0.0,2.6,0.519
0.0,2.49,0.511
9.4,4.732,0.633
1.0,7.126,0.785
1.0,4.401,0.638
15.8,5.751,0.705
16.4,13.253,1.008
5.6,9.135,0.878
0.0,5.55,0.704
0.0,3.008,0.546
0.0,2.313,0.496
3.6,6.744,0.384
1.4,39.435,1.911
0.0,17.931,1.216
0.0,9.437,0.888
0.0,6.111,0.735
0.0,5.501,0.702
0.0,5.119,0.681
0.0,4.344,0.635
0.0,1.999,0.467
0.0,0.933,0.36
8.4,0.749,0.33
11.4,18.775,1.07
12.0,33.785,1.729
4.4,7.544,0.789
30.2,5.82,0.717
2.2,4.36,0.624
0.0,1.562,0.43
0.0,1.709,0.444
0.0,0.966,0.362
3.2,0.54,0.276
0.4,5.163,0.682
0.0,9.792,0.906
0.0,10.018,0.917
0.0,8.011,0.828
0.0,8.733,0.86
0.0,6.695,0.759
0.0,3.286,0.568
0.6,2.282,0.493
0.0,1.58,0.431
0.0,0.902,0.357
0.0,1.085,0.378
0.0,2.341,0.498
0.0,3.66,0.593
0.0,3.928,0.611
0.6,3.171,0.56
0.2,1.299,0.398
0.0,0.388,0.27
4.8,0.135,0.202
8.4,1.132,0.372
0.4,0.745,0.326
1.0,0.136,0.202
0.0,0.133,0.2
0.0,0.013,0.199
21.0,1.201,0.307
3.0,5.629,0.702
0.2,1.799,0.45
0.4,0.871,0.352
0.2,0.274,0.246
5.2,0.245,0.24
0.0,0.218,0.232
4.0,0.201,0.229
2.8,3.396,0.574
1.2,3.851,0.606
0.8,6.891,0.77
5.2,5.202,0.679
10.4,5.088,0.677
24.4,7.971,0.825
5.8,9.048,0.875
13.0,6.021,0.724
0.6,6.851,0.772
4.4,6.817,0.771
8.0,6.394,0.746
11.6,11.279,0.6
5.0,0.039,0.164
5.8,0.222,0.23
0.6,0.632,0.317
0.4,0.862,0.352
2.4,0.725,0.333
0.2,1.864,0.452
13.0,4.609,0.626
4.2,5.918,0.722
3.6,4.062,0.616
1.8,2.653,0.523
0.2,1.87,0.45
4.0,0.401,0.269
0.2,0.023,0.198
5.4,0.725,0.319
0.4,0.304,0.251
4.8,0.376,0.256
2.2,1.692,0.443
0.8,1.776,0.451
0.8,1.537,0.427
2.2,10.966,0.706
0.0,12.381,1.007
1.4,4.587,0.645
0.0,1.783,0.45
0.0,0.437,0.273
4.6,0.156,0.209
21.2,0.865,0.348
3.0,0.573,0.29
0.0,0.787,0.328
0.0,1.972,0.468
5.8,1.919,0.463
2.4,2.997,0.547
1.6,2.223,0.487
6.0,14.588,0.934
1.5,43.944,2.054
0.0,18.29,1.22
0.0,7.504,0.803
0.0,5.227,0.687
0.0,3.469,0.579
0.0,2.569,0.517
0.0,1.349,0.401
0.0,1.202,0.388
10.8,2.025,0.472
10.8,1.644,0.438
1.4,3.078,0.549
5.0,5.371,0.694
8.8,5.892,0.723
0.8,4.606,0.652
0.0,5.19,0.685
1.8,3.687,0.591
0.0,3.045,0.551
0.0,1.769,0.444
0.0,0.981,0.367
0.0,0.388,0.266
2.2,0.091,0.201
6.0,0.155,0.211
4.4,0.229,0.232
1.6,0.302,0.256
0.4,0.434,0.283
9.6,1.274,0.383
3.6,2.146,0.479
5.4,0.831,0.335
13.2,0.729,0.333
11.8,0.793,0.336
2.6,0.009,0.199
0.2,0.039,0.199
5.2,0.275,0.239
6.2,2.379,0.475
0.0,0.219,0.234
0.0,0.149,0.212
0.2,0.589,0.242
0.0,1.674,0.438
4.6,2.161,0.483
0.4,2.962,0.542
0.0,4.859,0.667
3.4,5.892,0.722
5.2,7.094,0.782
5.8,5.334,0.692
41.8,7.423,0.796
8.4,11.599,0.966
6.0,4.264,0.618
3.8,2.752,0.468
3.4,0.462,0.288
15.2,0.853,0.349
11.4,8.89,0.85
0.0,7.744,0.813
0.2,4.515,0.646
0.0,2.948,0.544
0.0,2.965,0.545
0.0,2.966,0.545
0.0,1.309,0.399
0.0,0.336,0.26
0.0,0.279,0.247
0.0,0.269,0.244
0.0,1.082,0.365
0.0,1.515,0.425
0.0,1.08,0.378
0.0,0.765,0.339
0.0,0.667,0.324
0.4,0.32,0.257
6.4,0.936,0.309
12.8,2.195,0.471
18.0,1.946,0.457
3.8,2.682,0.521
0.0,0.576,0.302
0.0,0.146,0.207
0.0,0.053,0.2
0.0,0.029,0.199
0.0,0.37,0.264
0.0,0.661,0.323
1.6,0.583,0.308
3.0,2.004,0.454
3.6,4.398,0.626
1.6,0.764,0.298
0.0,0.786,0.34
0.0,0.637,0.32
0.6,0.724,0.333
1.0,0.92,0.341
5.4,0.133,0.204
5.6,0.116,0.202
0.2,0.136,0.202
0.2,0.044,0.2
0.0,0.31,0.254
6.6,0.762,0.324
13.2,3.373,0.569
9.4,1.478,0.422
4.8,1.717,0.444
50.6,7.944,0.81
7.2,6.513,0.755
5.8,6.695,0.765
4.0,7.207,0.79
17.6,7.832,0.783
24.6,2.556,0.429
16.0,8.491,0.847
8.8,7.396,0.798
8.6,9.823,0.907
0.0,5.956,0.715
0.2,3.125,0.556
0.0,2.918,0.541
0.0,2.126,0.481
0.6,4.069,0.616
0.2,2.133,0.468
0.0,0.485,0.288
0.0,1.707,0.419
0.6,3.814,0.603
0.2,2.109,0.473
0.4,0.601,0.307
0.4,0.088,0.201
0.6,0.104,0.2
0.0,1.018,0.354
0.0,3.567,0.586
21.0,3.662,0.586
10.6,10.027,0.914
1.2,4.577,0.647
4.4,3.457,0.58
2.2,2.07,0.47
5.2,2.063,0.476
0.4,1.355,0.408
0.2,1.752,0.445
9.4,2.164,0.484
4.2,1.541,0.413
14.8,3.495,0.58
0.2,1.775,0.428
0.4,0.211,0.231
0.4,0.995,0.339
12.4,0.736,0.335
13.2,1.133,0.385
16.4,1.942,0.456
18.4,18.872,0.967
29.8,0.669,0.266
11.6,2.665,0.524
7.0,3.82,0.583
0.0,0.27,0.246
0.0,0.056,0.2
0.0,0.134,0.201
0.0,0.066,0.2
7.4,0.071,0.205
0.6,0.308,0.253
0.2,0.925,0.356
1.0,2.239,0.49
1.2,3.04,0.551
0.2,2.426,0.504
16.6,3.766,0.585
1.2,2.918,0.519
1.0,0.594,0.305
26.6,1.627,0.404
8.6,8.877,0.867
3.4,7.061,0.782
6.0,9.491,0.892
3.2,11.962,0.997
2.6,11.746,0.989
17.0,10.462,0.924
0.8,2.404,0.5
5.2,0.92,0.349
0.0,0.45,0.285
0.0,0.717,0.332
0.2,0.342,0.26
0.0,0.34,0.256
3.8,1.747,0.427
0.0,4.082,0.618
3.6,4.33,0.635
0.2,2.392,0.498
0.2,0.779,0.338
0.0,0.222,0.232
21.6,0.363,0.263
1.0,0.889,0.353
0.4,2.47,0.504
44.4,11.693,0.943
2.6,11.15,0.962
4.2,6.589,0.758
5.2,8.215,0.833
36.6,17.215,1.188
2.6,8.856,0.852
9.6,2.532,0.51
7.4,3.844,0.605
0.2,2.894,0.54
0.0,1.481,0.42
0.0,0.441,0.277
0.0,0.318,0.256
0.0,0.371,0.271
0.0,0.44,0.284
0.0,0.587,0.312
0.8,0.203,0.208
4.0,0.603,0.312
1.0,3.278,0.511
6.0,1.187,0.337
4.2,2.199,0.487
7.2,1.818,0.454
9.2,1.685,0.442
7.2,0.575,0.289
48.0,4.082,0.551
8.4,6.904,0.775
13.4,6.626,0.761
17.2,5.561,0.703
0.4,5.872,0.72
2.8,7.247,0.792
1.0,9.195,0.881
1.6,6.619,0.756
0.0,3.261,0.565
2.8,2.326,0.497
0.2,2.022,0.472
0.8,1.144,0.376
5.8,0.422,0.274
12.8,3.376,0.544
5.4,0.261,0.244
5.8,1.031,0.348
5.2,1.345,0.396
1.4,0.76,0.335
0.6,1.081,0.379
1.0,1.246,0.397
0.4,2.088,0.478
3.8,1.229,0.383
50.4,4.498,0.615
6.6,7.381,0.79
22.0,12.323,1.001
2.4,7.342,0.792
9.0,3.682,0.594
0.8,1.831,0.453
0.0,1.883,0.458
0.0,1.911,0.461
0.0,0.942,0.361
0.2,0.293,0.251
0.0,0.347,0.26
0.8,0.549,0.296
8.2,0.138,0.207
11.4,0.151,0.209
27.8,0.346,0.256
0.4,0.94,0.361
0.0,0.579,0.308
3.8,0.424,0.277
0.8,0.629,0.305
0.2,0.156,0.211
0.8,0.156,0.211
1.2,0.074,0.196
0.0,0.261,0.241
3.0,0.442,0.273
0.8,1.239,0.397
1.2,0.866,0.351
11.4,0.613,0.316
0.8,0.638,0.32
3.8,0.982,0.361
1.2,1.229,0.395
13.8,4.083,0.564
0.2,5.583,0.705
0.0,4.031,0.617
1.8,3.035,0.551
0.8,2.241,0.49
0.8,4.487,0.64
0.0,3.174,0.549
0.0,0.627,0.314
2.2,0.071,0.201
0.0,0.072,0.201
0.0,0.124,0.203
0.2,0.159,0.227
0.0,1.372,0.399
0.0,1.072,0.362
0.0,0.289,0.25
0.0,0.728,0.332
0.0,0.849,0.35
0.0,0.338,0.259
0.0,0.093,0.2
0.0,0.133,0.201
0.0,0.134,0.201
0.0,0.24,0.238
0.0,0.215,0.231
0.0,0.143,0.205
0.0,0.352,0.257
0.0,0.497,0.291
0.0,0.192,0.224
7.8,0.464,0.286
6.4,1.753,0.445
39.4,7.261,0.732
4.0,11.018,0.957
0.0,8.076,0.831
0.4,6.271,0.742
0.0,3.545,0.584
0.0,1.644,0.436
6.0,0.987,0.368
4.8,1.042,0.374
0.8,0.566,0.305
1.4,0.206,0.229
0.0,0.186,0.221
0.0,0.529,0.291
0.0,0.743,0.329
0.0,0.177,0.218
7.0,0.533,0.274
8.4,1.1,0.377
0.0,1.169,0.389
21.8,2.846,0.507
5.2,5.26,0.661
7.4,1.105,0.374
2.4,16.671,1.146
18.6,15.073,1.083
13.2,14.47,1.093
0.0,6.98,0.769
6.6,3.844,0.605
8.4,5.887,0.695
13.2,0.771,0.305
15.2,2.097,0.477
4.6,3.343,0.571
1.0,3.617,0.59
0.2,1.717,0.421
4.8,0.412,0.268
6.2,1.053,0.375
0.0,0.48,0.288
0.0,0.134,0.201
0.0,0.295,0.25
0.0,1.018,0.37
3.6,4.085,0.587
0.2,0.153,0.21
11.4,2.472,0.48
0.2,1.597,0.416
0.8,0.315,0.258
1.2,0.437,0.281
15.2,1.375,0.402
8.6,2.214,0.464
3.8,0.205,0.225
1.0,2.113,0.402
2.8,1.374,0.409
0.8,1.086,0.372
1.8,0.552,0.299
16.0,3.099,0.537
0.0,5.964,0.727
4.2,5.346,0.693
2.0,3.785,0.601
0.0,1.454,0.401
5.8,0.378,0.264
0.6,0.987,0.367
0.0,0.897,0.356
0.0,0.613,0.316
3.2,0.556,0.305
2.6,0.009,0.199
14.8,0.548,0.292
0.2,1.234,0.396
0.0,1.47,0.419
0.0,1.752,0.447
9.0,1.171,0.374
7.4,4.792,0.655
10.2,2.46,0.503
4.2,3.748,0.59
0.8,1.509,0.425
0.0,0.896,0.351
0.0,0.202,0.227
35.0,6.116,0.604
3.2,10.552,0.939
9.6,6.645,0.758
7.6,3.904,0.606
13.4,3.221,0.563
13.2,3.213,0.563
2.2,1.165,0.382
1.4,0.453,0.278
11.8,1.859,0.434
3.2,2.981,0.287
5.4,24.442,1.423
10.2,8.206,0.836
1.8,7.511,0.805
0.4,4.214,0.623
0.0,5.075,0.673
0.0,5.153,0.678
5.2,4.694,0.642
1.0,5.432,0.699
0.0,3.469,0.575
32.0,3.466,0.57
0.4,2.193,0.461
12.4,0.659,0.291
9.8,1.823,0.451
15.8,7.376,0.787
6.0,12.363,1.007
1.6,10.954,0.953
0.0,8.03,0.829
8.2,10.06,0.916
17.2,11.719,0.978
3.2,5.138,0.682
10.0,5.413,0.698
2.0,6.159,0.737
0.0,4.689,0.653
5.2,2.995,0.548
4.4,1.139,0.362
0.8,2.535,0.473
0.4,4.786,0.654
0.0,3.221,0.563
0.0,6.34,0.744
17.0,7.595,0.803
13.2,3.362,0.573
1.0,4.304,0.634
6.2,3.11,0.55
13.8,2.12,0.46
19.4,6.283,0.742
8.0,7.362,0.793
8.8,4.794,0.663
6.8,4.63,0.653
6.6,4.001,0.615
12.4,1.905,0.458
3.0,1.666,0.381
0.2,4.863,0.667
2.2,4.576,0.65
0.2,4.232,0.629
0.0,2.7,0.523
0.0,0.688,0.316
17.2,0.58,0.281
5.4,1.609,0.381
10.4,2.195,0.482
0.2,4.719,0.657
4.2,6.316,0.745
0.2,5.109,0.678
0.0,4.099,0.621
4.8,4.812,0.664
15.2,2.278,0.435
8.0,9.476,0.893
1.4,8.594,0.855
12.4,7.157,0.775
6.8,10.412,0.934
2.2,8.059,0.83
37.6,7.878,0.821
9.8,10.031,0.912
1.6,10.907,0.953
5.6,8.447,0.848
2.2,3.12,0.548
0.4,1.311,0.401
12.6,2.943,0.533
17.2,5.705,0.712
12.0,8.758,0.854
4.8,5.006,0.667
0.8,3.01,0.549
0.0,4.339,0.635
3.2,3.913,0.608
14.0,21.716,1.175
0.2,39.716,1.92
3.2,17.26,1.19
8.8,8.174,0.815
25.0,2.999,0.547
18.2,2.415,0.469
12.4,31.041,1.571
7.8,21.233,1.329
4.6,15.861,1.145
0.4,14.701,1.102
0.2,10.436,0.93
10.0,14.765,1.003
1.0,11.05,0.96
0.0,8.042,0.828
5.6,4.491,0.644
17.8,4.471,0.638
0.4,3.939,0.61
0.2,3.853,0.605
10.8,4.38,0.638
6.6,4.479,0.643
2.8,0.76,0.308
12.0,3.673,0.571
5.2,2.384,0.494
4.8,4.44,0.623
7.0,0.462,0.278
1.0,0.555,0.288
6.2,1.965,0.467
3.2,10.732,0.922
5.2,2.93,0.543
0.0,4.141,0.624
4.6,4.182,0.626
8.4,7.529,0.586
2.2,24.4,1.429
0.2,13.886,1.071
25.6,12.047,1.001
9.4,7.19,0.784
9.6,4.578,0.65
2.4,4.401,0.64
17.4,5.587,0.7
12.4,8.582,0.854
12.2,11.546,0.978
15.6,13.184,1.045
0.0,8.285,0.836
0.0,4.558,0.648
0.0,2.657,0.522
0.6,0.808,0.325
1.2,0.7,0.316
1.6,0.139,0.204
3.0,0.163,0.214
1.0,0.226,0.235
5.8,0.398,0.268
9.8,1.327,0.404
9.0,0.354,0.265
0.0,1.191,0.385
0.0,4.019,0.614
0.6,3.321,0.569
10.8,1.841,0.45
9.4,6.116,0.724
25.4,18.329,1.168
0.4,7.832,0.815
2.2,6.608,0.759
8.0,6.328,0.745
0.0,2.707,0.52
0.0,0.589,0.304
3.6,1.182,0.367
0.0,1.377,0.412
49.4,1.779,0.45
16.6,3.083,0.551
33.6,3.89,0.608
51.8,19.94,1.261
0.0,20.225,1.296
0.0,13.476,1.054
0.0,4.609,0.63
0.0,0.385,0.265
0.0,0.137,0.204
0.0,0.453,0.267
0.0,1.659,0.44
0.0,0.525,0.286
0.0,0.138,0.203
0.0,0.406,0.272
0.0,0.953,0.363
0.0,0.491,0.287
0.0,0.144,0.207
0.0,0.069,0.2
0.0,0.161,0.213
0.0,0.697,0.322
0.0,1.171,0.389
0.0,2.566,0.512
0.0,4.406,0.639
0.0,2.757,0.522
0.0,1.569,0.43
0.0,2.197,0.487
0.0,2.277,0.494
0.0,2.628,0.521
0.0,2.538,0.513
0.0,1.261,0.395
0.0,0.818,0.345
0.0,0.887,0.355
0.0,0.397,0.272
0.0,0.135,0.201
0.0,0.393,0.271
0.0,2.487,0.496
0.0,3.444,0.574
0.0,2.02,0.472
0.0,1.889,0.461
0.0,1.9,0.462
0.0,1.916,0.463
0.0,4.402,0.634
0.0,3.942,0.608
0.0,1.635,0.435
0.0,1.838,0.453
0.0,2.684,0.525
0.0,3.419,0.577
0.0,3.854,0.606
0.0,4.652,0.654
0.0,5.376,0.696
0.0,2.197,0.462
0.0,0.18,0.22
0.0,0.173,0.217
0.0,0.195,0.226
0.0,0.277,0.248
0.0,0.317,0.259
0.0,0.199,0.227
0.0,0.113,0.2
0.0,0.266,0.239
0.0,0.814,0.345
0.0,0.495,0.29
0.0,0.534,0.296
0.0,1.658,0.437
0.0,1.579,0.429
0.0,0.962,0.365
658.4,43.598,2.031
0.2,22.614,1.373
0.6,11.107,0.958
0.2,3.705,0.579
0.4,0.638,0.318
0.0,1.735,0.435
0.0,3.116,0.557
1.8,2.26,0.491
4.0,0.274,0.225
9.6,4.91,0.649
7.2,5.658,0.711
2.2,6.101,0.734
0.4,4.015,0.611
11.0,2.147,0.481
1.2,4.243,0.63
0.0,4.108,0.622
0.4,1.596,0.423
8.6,0.719,0.329
5.6,0.77,0.337
0.2,0.751,0.337
0.0,0.365,0.266
0.0,0.128,0.202
0.0,0.008,0.199
0.0,0.209,0.231
8.6,0.399,0.27
4.4,1.061,0.377
16.8,6.82,0.756
0.0,4.799,0.661
0.4,1.097,0.364
0.0,1.324,0.4
28.8,6.483,0.736
1.8,3.016,0.547
0.0,0.695,0.314
0.0,0.209,0.229
0.0,0.465,0.289
0.0,0.421,0.276
0.0,0.045,0.199
3.4,0.554,0.267
11.6,2.121,0.475
0.0,0.564,0.299
9.2,0.696,0.309
1.0,1.495,0.423
1.0,0.859,0.341
1.4,2.053,0.359
4.8,10.657,0.617
0.0,34.132,1.74
0.0,8.378,0.84
3.2,4.74,0.659
0.4,4.177,0.626
1.6,1.452,0.387
0.8,0.099,0.203
6.0,0.862,0.336
0.6,1.517,0.425
0.0,0.88,0.346
0.0,0.51,0.296
0.0,1.531,0.424
4.6,2.226,0.489
8.4,2.23,0.484
7.0,5.329,0.681
1.8,0.852,0.27
7.2,2.247,0.485
0.0,0.416,0.274
0.0,0.148,0.207
0.4,0.262,0.245
0.0,0.122,0.206
7.8,0.178,0.22
14.0,0.742,0.331
3.6,0.601,0.312
2.6,1.034,0.372
0.0,1.495,0.423
0.2,2.124,0.481
0.0,1.904,0.462
4.8,0.543,0.273
15.4,0.128,0.202
0.2,1.191,0.351
4.6,3.248,0.561
0.0,4.059,0.611
0.0,2.235,0.49
0.0,2.65,0.523
0.0,1.146,0.377
0.0,0.543,0.304
0.0,1.794,0.447
0.0,3.597,0.588
0.0,3.069,0.551
24.6,3.103,0.54
9.2,7.643,0.811
0.0,4.061,0.603
0.0,0.714,0.33
0.0,1.383,0.405
0.0,2.761,0.531
0.0,1.975,0.465
0.0,0.577,0.301
0.0,0.094,0.2
0.0,0.054,0.2
0.0,0.133,0.201
3.8,0.134,0.201
0.0,0.134,0.201
0.0,0.116,0.2
2.4,0.198,0.228
0.0,0.551,0.303
0.0,0.454,0.286
0.0,0.193,0.224
0.0,0.21,0.228
0.0,0.599,0.312
0.0,0.603,0.314
0.0,0.434,0.285
0.0,0.557,0.306
0.0,0.576,0.309
6.0,0.377,0.271
13.4,2.348,0.499
4.2,1.935,0.463
15.0,3.165,0.559
3.4,2.956,0.545
1.6,2.089,0.475
0.2,1.256,0.399
28.8,2.215,0.486
2.0,1.609,0.425
0.0,1.102,0.377
0.0,2.69,0.524
0.0,3.53,0.585
0.0,2.807,0.534
0.0,3.117,0.556
0.0,4.747,0.659
0.0,3.854,0.603
0.0,0.961,0.346
0.0,0.467,0.28
0.0,1.516,0.426
0.0,0.796,0.339
0.0,0.723,0.332
0.0,0.501,0.29
0.0,0.438,0.278
0.0,1.019,0.371
0.0,0.659,0.314
0.0,0.156,0.211
0.0,0.767,0.325
0.0,2.026,0.473
0.0,1.381,0.41
0.0,1.779,0.445
0.0,2.809,0.535
0.0,1.666,0.437
0.0,0.474,0.285
0.0,0.25,0.24
0.0,1.031,0.369
0.0,2.853,0.533
0.0,3.971,0.613
0.0,2.179,0.484
0.0,0.841,0.343
0.0,0.204,0.227
0.0,0.425,0.279
0.0,0.4,0.277
0.0,0.233,0.237
0.0,0.306,0.251
4.2,0.534,0.3
17.4,0.475,0.293
28.8,6.56,0.748
0.0,4.729,0.658
0.4,4.618,0.652
11.0,4.2,0.628
11.0,3.874,0.606
1.0,3.838,0.604
1.4,1.952,0.458
0.0,2.13,0.482
1.0,2.333,0.498
0.0,2.696,0.526
0.2,3.135,0.558
2.0,2.276,0.473
3.4,0.451,0.282
0.0,2.146,0.477
9.6,3.324,0.571
0.6,2.523,0.511
7.8,1.775,0.448
3.8,2.65,0.521
1.0,3.258,0.566
14.8,3.422,0.575
8.4,4.388,0.638
10.2,9.421,0.884
0.2,6.517,0.756
0.0,6.858,0.772
17.0,6.351,0.739
9.2,6.458,0.75
7.8,6.201,0.74
0.4,5.668,0.712
28.8,7.527,0.784
8.8,12.963,1.036
0.2,9.199,0.881
4.2,5.749,0.709
5.6,5.842,0.573
0.0,6.29,0.742
3.2,5.844,0.719
3.0,7.223,0.791
0.2,5.024,0.674
0.0,4.838,0.664
5.8,47.562,2.16
1.2,0.098,0.167
0.0,0.499,0.295
1.3,0.69,0.328
12.0,2.23,0.481
14.8,4.655,0.65
7.8,6.951,0.768
9.3,3.085,0.539
4.6,1.623,0.435
20.4,5.325,0.689
3.2,7.932,0.824
11.6,8.509,0.851
1.6,7.04,0.781
21.0,5.564,0.706
9.6,6.884,0.764
0.2,4.821,0.663
14.2,5.263,0.685
0.6,4.161,0.619
1.2,1.886,0.46
2.4,0.726,0.317
3.8,0.454,0.287
8.4,1.416,0.408
0.2,1.564,0.425
0.5,0.698,0.329
0.4,0.413,0.276
3.2,1.669,0.433
2.4,4.672,0.648
6.2,2.523,0.507
7.2,1.427,0.417
1.6,1.27,0.4
0.0,0.551,0.297
0.2,0.4,0.273
13.8,0.285,0.251
11.2,2.303,0.477
29.3,9.944,0.907
0.0,10.698,0.946
4.0,10.272,0.928
4.8,10.721,0.947
22.6,12.158,1.0
1.4,20.396,1.302
0.0,14.839,1.102
3.6,4.121,0.606
1.4,0.826,0.345
0.2,2.184,0.267
1.6,5.53,0.704
1.2,4.775,0.661
1.4,3.231,0.565
0.0,4.161,0.624
4.8,5.68,0.712
0.2,3.396,0.571
3.2,2.024,0.471
3.0,3.734,0.592
0.0,4.744,0.658
0.2,3.826,0.604
0.0,2.303,0.489
0.2,1.554,0.428
3.2,1.809,0.453
0.8,1.824,0.453
5.4,4.669,0.553
23.4,15.287,1.118
1.6,7.752,0.815
4.6,4.344,0.633
4.6,1.144,0.364
25.2,1.145,0.359
6.6,1.732,0.442
14.2,2.331,0.497
15.8,4.608,0.647
6.4,7.116,0.785
0.2,5.425,0.698
4.4,4.313,0.634
32.4,7.487,0.791
2.2,8.183,0.835
0.2,6.428,0.751
0.0,3.516,0.578
0.0,2.022,0.472
0.0,4.686,0.649
0.2,4.29,0.624
0.8,2.646,0.521
0.0,4.566,0.649
0.0,2.75,0.522
0.0,0.833,0.347
0.0,0.323,0.258
0.5,0.274,0.248
4.6,0.373,0.245
12.2,2.428,0.505
8.8,3.016,0.548
21.6,3.201,0.549
6.0,7.995,0.827
5.4,9.472,0.894
5.0,6.888,0.771
7.8,1.78,0.42
4.4,2.142,0.447
11.6,1.148,0.369
16.4,2.646,0.52
11.2,3.416,0.575
0.2,0.988,0.356
0.6,0.405,0.246
0.6,1.333,0.407
1.2,0.789,0.33
0.8,0.431,0.279
0.0,0.66,0.315
42.0,2.811,0.507
21.8,24.932,1.292
1.4,46.077,2.121
12.8,27.089,1.519
1.2,13.338,1.04
3.2,4.167,0.624
2.2,1.805,0.447
7.0,1.185,0.389
1.4,1.034,0.36
0.2,0.062,0.186
1.0,0.091,0.2
0.0,0.211,0.229
0.4,0.722,0.332
3.4,0.914,0.359
3.8,1.632,0.435
7.6,6.757,0.753
0.6,2.756,0.504
1.2,1.748,0.444
0.2,2.879,0.538
0.0,3.841,0.605
0.0,5.483,0.7
0.0,7.551,0.806
3.2,6.37,0.747
5.8,4.731,0.659
0.2,4.118,0.623
0.0,3.169,0.559
0.2,3.288,0.567
1.4,8.146,0.828
3.4,8.103,0.831
8.2,7.698,0.805
4.2,9.599,0.898
2.6,5.444,0.693
10.0,3.102,0.552
1.4,1.79,0.422
10.8,0.144,0.206
10.4,1.56,0.403
1.0,0.978,0.358
20.2,0.892,0.306
10.4,4.913,0.666
1.8,2.44,0.505
4.0,0.821,0.325
5.0,0.41,0.277
10.4,0.553,0.306
0.6,0.504,0.298
16.2,0.82,0.335
6.2,1.666,0.389
0.2,5.337,0.693
2.7,3.093,0.549
0.0,2.59,0.514
1.3,2.545,0.512
0.5,1.191,0.391
0.0,1.705,0.442
0.0,1.18,0.383
0.0,0.284,0.25
0.0,0.143,0.207
0.0,0.009,0.199
0.8,0.016,0.199
0.1,0.135,0.202
0.0,0.057,0.2
0.0,0.008,0.198
0.0,0.019,0.199
0.0,0.118,0.2
0.0,0.082,0.2
0.0,0.524,0.29
0.0,0.721,0.326
0.0,0.691,0.321
0.0,0.969,0.365
0.0,0.363,0.265
0.0,1.422,0.404
0.0,1.599,0.433
0.0,3.552,0.58
0.0,3.47,0.579
0.0,2.647,0.523
0.4,1.361,0.399
0.1,0.355,0.268
0.0,0.182,0.22
86.6,9.19,0.64
7.4,23.058,1.39
0.0,12.028,0.989
0.0,5.869,0.722
0.0,5.244,0.688
0.0,2.407,0.494
0.0,0.34,0.257
0.0,0.407,0.273
0.0,0.419,0.275
0.0,0.128,0.202
0.0,0.007,0.199
0.0,0.008,0.199
0.0,0.049,0.2
0.0,0.121,0.201
0.0,0.101,0.201
0.0,0.073,0.2
0.0,0.121,0.201
0.0,0.097,0.2
0.0,0.16,0.212
0.0,0.168,0.215
0.0,0.133,0.201
0.0,0.115,0.2
1.0,0.506,0.29
0.0,1.188,0.388
0.0,3.466,0.577
0.0,4.379,0.638
0.0,5.196,0.685
0.0,4.961,0.671
0.0,5.63,0.707
0.0,5.382,0.692
0.0,3.206,0.563
0.0,5.181,0.681
0.0,5.054,0.675
0.0,2.543,0.513
0.8,1.699,0.443
0.2,1.705,0.444
0.0,1.423,0.416
0.0,2.09,0.475
0.0,2.554,0.515
0.0,1.127,0.377
0.0,0.244,0.237
0.0,0.134,0.202
0.0,0.109,0.2
0.0,0.017,0.199
0.0,0.198,0.226
0.0,0.254,0.244
0.0,0.489,0.292
0.0,0.379,0.268
0.0,1.088,0.363
0.0,1.66,0.438
0.0,1.199,0.393
0.0,0.916,0.358
0.0,0.722,0.333
0.0,1.11,0.382
0.0,0.696,0.323
0.0,0.465,0.29
0.0,0.365,0.268
0.0,0.339,0.264
0.0,0.948,0.361
0.0,1.483,0.422
0.0,1.083,0.377
0.0,0.646,0.321
1.2,2.639,0.396
0.0,2.681,0.523
0.0,1.68,0.442
0.8,0.65,0.312
2.0,0.142,0.205
0.0,0.134,0.201
0.0,0.315,0.255
0.0,0.374,0.269
0.0,0.007,0.198
0.0,0.008,0.199
0.0,0.111,0.203
9.6,0.152,0.209
9.2,0.393,0.271
1.0,0.195,0.221
1.6,0.184,0.222
7.6,0.394,0.262
24.2,5.789,0.708
20.0,6.866,0.773
0.2,4.299,0.63
21.0,2.038,0.472
6.2,6.235,0.739
8.2,7.973,0.826
18.4,5.106,0.678
0.6,3.999,0.609
1.6,54.865,2.379
1.8,0.008,0.173
0.0,0.401,0.272
0.0,1.669,0.438
0.0,1.893,0.461
2.6,2.134,0.48
2.8,2.606,0.518
1.8,51.909,2.3
15.4,1.073,0.346
0.4,1.664,0.44
11.0,7.008,0.754
4.0,6.436,0.748
0.8,5.239,0.687
10.8,8.459,0.832
1.8,1.558,0.429
0.0,1.406,0.414
0.0,1.706,0.444
2.4,1.368,0.406
0.0,0.708,0.329
0.0,0.53,0.294
0.0,0.115,0.2
0.0,0.062,0.2
1.6,0.071,0.207
1.0,0.143,0.216
8.2,0.376,0.268
0.2,0.301,0.252
0.0,0.134,0.201
0.2,0.417,0.269
4.2,0.899,0.357
0.8,1.064,0.374
0.0,1.443,0.417
0.2,0.749,0.336
17.6,1.987,0.456
11.2,3.301,0.56
6.2,5.02,0.67
0.2,2.55,0.515
0.2,2.251,0.491
0.0,1.318,0.401
0.0,0.435,0.285
1.0,0.341,0.265
16.2,0.477,0.284
4.4,0.649,0.279
5.4,3.027,0.549
5.0,2.987,0.547
7.6,3.578,0.588
23.2,18.493,1.232
0.0,12.443,1.014
0.0,11.016,0.958
0.0,8.63,0.854
0.0,5.802,0.718
5.4,1.803,0.407
19.6,1.454,0.404
15.2,2.483,0.51
1.2,0.422,0.23
1.6,0.394,0.268
0.0,0.008,0.199
0.0,0.221,0.232
0.0,0.711,0.33
8.0,2.117,0.469
10.4,2.658,0.523
6.2,4.402,0.63
1.4,5.449,0.7
0.0,5.509,0.703
24.4,4.212,0.615
5.2,0.864,0.322
0.6,0.651,0.273
0.0,2.515,0.512
1.0,2.431,0.506
16.6,2.713,0.524
4.2,5.971,0.728
24.8,9.003,0.864
9.0,10.92,0.955
2.6,8.651,0.856
3.2,6.09,0.733
6.2,5.033,0.677
18.6,5.016,0.674
9.2,3.338,0.432
0.0,13.567,1.056
0.4,4.487,0.626
0.0,1.419,0.415
0.0,2.912,0.54
0.0,1.591,0.414
1.6,0.149,0.217
5.0,0.17,0.219
31.4,0.715,0.324
41.8,2.76,0.53
10.0,3.638,0.59
16.2,5.616,0.699
9.2,10.03,0.917
0.0,9.862,0.91
0.0,6.368,0.747
0.0,5.067,0.678
0.0,3.949,0.611
0.0,4.818,0.663
0.0,5.037,0.676
0.0,5.264,0.689
0.0,4.943,0.671
0.0,4.178,0.626
0.0,1.775,0.427
0.0,0.128,0.202
0.0,0.527,0.289
0.0,1.892,0.46
0.0,2.079,0.477
0.0,1.883,0.46
0.0,2.419,0.504
0.0,3.065,0.553
0.0,2.459,0.507
0.0,1.306,0.402
0.0,0.935,0.361
0.0,0.683,0.325
0.0,0.279,0.247
0.0,0.086,0.2
0.0,0.676,0.311
0.0,1.608,0.435
0.0,1.731,0.446
0.0,2.651,0.522
0.0,2.617,0.519
0.0,2.206,0.488
0.0,1.796,0.451
0.0,1.93,0.464
0.0,2.869,0.538
0.0,2.135,0.477
0.0,0.968,0.366
0.0,0.947,0.363
0.0,0.689,0.327
0.0,0.257,0.241
0.0,0.154,0.21
0.0,0.246,0.241
0.0,0.196,0.225
0.0,0.193,0.224
0.0,0.215,0.232
0.0,0.039,0.2
0.0,0.135,0.201
0.0,0.169,0.216
0.0,0.172,0.218
0.0,0.27,0.238
0.0,0.876,0.353
0.0,0.89,0.355
0.0,0.458,0.281
0.0,0.135,0.202
0.0,0.317,0.255
0.0,0.511,0.299
0.0,0.351,0.266
0.0,0.98,0.356
0.0,1.176,0.384
0.0,0.266,0.244
0.0,0.174,0.217
0.0,0.538,0.297
0.0,1.146,0.387
0.0,0.981,0.367
0.0,0.43,0.277
0.0,0.084,0.2
0.0,0.024,0.199
0.0,0.009,0.199
0.0,0.19,0.223
0.0,0.982,0.365
0.0,1.459,0.42
0.0,0.936,0.359
0.0,0.622,0.317
0.0,0.726,0.333
0.0,0.711,0.331
0.0,0.736,0.335
0.0,0.705,0.33
0.0,1.21,0.392
0.0,0.874,0.35
0.0,0.357,0.266
5.0,0.172,0.217
0.0,0.342,0.264
0.2,0.3,0.254
3.0,0.305,0.257
2.4,0.283,0.25
0.6,0.447,0.287
5.2,0.525,0.3
0.2,1.406,0.413
0.0,2.11,0.48
0.0,1.856,0.457
0.0,0.782,0.337
0.0,0.219,0.231
1.4,0.907,0.323
0.0,2.758,0.53
4.4,5.852,0.714
22.2,5.268,0.69
13.8,4.305,0.629
15.2,3.422,0.569
30.4,9.518,0.891
8.0,9.984,0.913
28.2,7.306,0.794
15.6,5.394,0.678
9.2,6.066,0.679
6.8,2.819,0.523
37.8,14.116,1.072
12.4,13.135,1.043
0.6,9.809,0.908
3.8,5.372,0.689
10.6,2.461,0.508
7.0,7.799,0.738
21.0,2.736,0.529
2.2,2.821,0.535
4.0,2.581,0.516
29.8,2.368,0.5
4.8,2.972,0.545
4.2,3.982,0.614
0.6,4.389,0.639
18.8,4.724,0.659
18.8,3.1,0.536
4.4,6.485,0.743
0.4,2.712,0.526
0.2,1.419,0.413
0.0,0.451,0.282
6.6,1.606,0.351
4.4,3.78,0.597
4.6,1.788,0.448
0.8,0.347,0.258
10.6,0.549,0.279
6.0,2.143,0.476
6.4,3.626,0.59
1.6,4.849,0.666
16.8,3.854,0.591
15.4,16.547,1.167
6.4,8.274,0.825
8.4,2.593,0.49
0.2,4.051,0.611
0.0,1.085,0.375
5.2,0.399,0.277
3.0,0.252,0.243
6.6,0.6,0.305
0.2,0.895,0.356
0.0,0.4,0.271
4.8,0.07,0.2
1.8,0.084,0.2
0.8,0.136,0.202
3.4,0.12,0.202
0.2,1.378,0.381
8.6,3.806,0.603
1.0,1.722,0.42
23.6,0.395,0.263
26.0,5.232,0.68
4.6,7.211,0.79
7.2,5.635,0.709
6.0,3.608,0.589
11.4,2.032,0.468
7.4,2.85,0.533
2.6,2.964,0.538
0.2,0.498,0.288
0.0,0.085,0.2
0.6,0.015,0.199
19.6,0.279,0.249
37.0,4.923,0.656
21.2,15.142,1.103
10.0,10.878,0.948
6.2,8.067,0.83
4.4,6.447,0.748
6.6,3.088,0.554
22.6,4.717,0.628
6.4,7.949,0.82
18.8,5.595,0.706
11.6,17.194,1.175
21.2,9.406,0.886
31.0,17.987,1.194
21.0,3.489,0.582
18.2,4.047,0.618
19.0,11.668,0.97
8.6,10.007,0.913
28.6,7.85,0.819
5.6,6.519,0.754
12.0,2.7,0.477
20.6,4.82,0.66
17.8,6.5,0.755
33.2,10.653,0.94
2.2,7.868,0.818
4.0,7.635,0.809
0.0,7.341,0.795
0.2,4.39,0.638
7.4,2.405,0.499
7.2,0.811,0.345
4.8,1.169,0.388
21.8,2.083,0.471
19.0,6.484,0.753
6.6,6.902,0.775
9.0,8.766,0.858
6.0,7.128,0.783
12.2,9.912,0.897
2.8,1.916,0.462
14.6,1.952,0.463
11.6,1.752,0.403
4.8,0.311,0.254
0.4,0.611,0.314
0.2,0.536,0.297
0.0,0.112,0.2
0.0,0.093,0.2
0.0,0.291,0.248
0.8,0.517,0.295
4.2,0.164,0.214
0.4,0.202,0.228
0.0,0.585,0.306
0.0,0.833,0.347
0.0,0.369,0.267
0.0,0.068,0.2
0.0,0.026,0.2
1.4,0.021,0.199
2.2,0.035,0.2
1.2,0.008,0.199
0.0,0.436,0.275
0.0,1.965,0.466
1.8,2.297,0.495
0.0,1.676,0.441
0.2,3.504,0.577
1.6,5.505,0.702
0.0,6.217,0.74
3.6,4.598,0.648
0.4,4.003,0.613
0.0,4.908,0.669
0.0,2.999,0.544
0.2,1.736,0.447
0.0,1.733,0.447
0.0,1.499,0.424
0.0,0.677,0.316
0.0,0.116,0.201
0.0,0.025,0.2
0.0,0.102,0.2
0.0,0.144,0.206
0.0,0.174,0.218
0.0,0.153,0.21
0.0,0.499,0.287
0.0,1.578,0.431
0.0,1.337,0.407
0.0,0.9,0.356
4.8,0.774,0.339
3.6,1.0,0.345
11.4,3.381,0.562
0.0,2.695,0.516
0.0,0.759,0.337
0.0,0.388,0.272
0.0,0.007,0.198
0.0,0.008,0.199
1.2,0.008,0.199
0.2,0.082,0.201
0.2,0.749,0.288
0.0,3.682,0.595
0.0,3.974,0.613
1.6,1.026,0.337
0.8,0.308,0.257
0.4,2.328,0.354
0.0,2.263,0.488
0.4,2.847,0.534
10.8,7.603,0.75
8.6,6.433,0.729
8.6,1.479,0.422
1.0,1.659,0.439
1.8,4.472,0.631
13.0,3.419,0.526
9.6,5.419,0.691
6.6,7.267,0.771
0.2,1.485,0.422
0.4,1.147,0.382
0.0,0.258,0.242
0.0,0.514,0.291
0.0,0.445,0.278
0.0,0.094,0.201
0.0,0.096,0.202
0.0,0.134,0.204
0.0,0.097,0.2
3.6,0.119,0.2
0.2,0.108,0.2
0.6,0.089,0.213
3.0,1.187,0.386
0.4,0.433,0.277
0.0,0.138,0.203
1.8,0.132,0.202
5.6,0.785,0.335
0.2,0.981,0.364
0.8,1.219,0.392
2.8,3.611,0.586
0.0,2.037,0.473
0.0,1.895,0.461
0.0,1.008,0.366
0.0,1.126,0.377
0.0,1.786,0.45
11.4,1.162,0.388
0.2,0.813,0.344
21.8,2.643,0.501
2.0,3.986,0.614
8.0,3.991,0.614
5.4,4.524,0.644
1.2,1.234,0.389
1.8,0.271,0.244
10.0,0.789,0.321
46.2,7.474,0.786
16.0,11.282,0.97
1.0,8.846,0.863
0.4,4.019,0.611
0.0,1.24,0.394
26.8,3.969,0.584
2.0,2.099,0.446
18.6,0.264,0.246
2.4,1.178,0.384
1.2,1.36,0.41
0.0,2.073,0.475
0.0,4.195,0.625
0.2,7.151,0.786
0.6,7.159,0.787
0.0,4.765,0.659
6.2,15.832,0.842
2.8,2.301,0.496
2.4,1.263,0.38
1.2,0.094,0.203
4.4,0.855,0.343
0.2,0.421,0.276
0.2,0.095,0.2
1.2,1.283,0.368
0.2,3.162,0.559
13.0,2.166,0.467
7.4,1.738,0.446
4.0,1.801,0.453
25.8,8.674,0.855
7.0,5.12,0.663
28.8,2.218,0.474
1.8,2.914,0.542
0.6,2.221,0.489
24.2,3.282,0.56
4.6,19.898,1.249
1.2,4.504,0.645
3.2,6.063,0.731
2.0,4.451,0.637
61.8,7.431,0.751
7.4,13.111,1.035
0.0,6.202,0.738
9.4,5.135,0.657
0.0,6.992,0.769
0.0,4.097,0.62
0.4,3.616,0.588
0.6,2.124,0.48
0.0,1.297,0.402
0.0,1.797,0.45
0.0,3.992,0.611
0.0,4.829,0.664
0.0,5.802,0.717
4.4,4.334,0.632
0.6,2.402,0.495
0.0,0.774,0.34
6.6,2.653,0.512
18.2,3.738,0.595
9.4,11.815,0.99
3.2,7.692,0.812
0.0,3.595,0.584
5.4,2.005,0.471
8.0,2.21,0.477
4.2,0.195,0.227
5.4,2.245,0.491
0.0,3.018,0.549
0.0,2.832,0.535
0.0,1.143,0.378
0.2,1.23,0.39
27.8,1.902,0.461
2.4,2.016,0.452
2.4,1.024,0.361
6.6,1.541,0.428
5.0,1.825,0.442
14.0,0.817,0.315
1.6,3.034,0.547
6.0,3.647,0.584
0.0,0.815,0.334
2.2,0.18,0.22
14.2,0.383,0.263
24.2,0.907,0.356
0.0,1.597,0.432
7.4,29.966,1.526
1.4,38.507,1.881
0.0,13.905,1.067
0.0,7.81,0.818
0.0,8.374,0.844
0.0,5.88,0.717
0.0,1.248,0.376
6.8,0.181,0.219
0.8,5.022,0.666
0.2,6.62,0.76
0.0,4.525,0.647
0.0,2.76,0.529
0.0,1.743,0.447
4.4,1.528,0.423
0.0,0.544,0.305
38.8,2.822,0.506
0.2,2.233,0.484
0.0,2.406,0.5
2.2,8.627,0.848
14.8,11.073,0.959
2.2,8.175,0.833
9.2,2.831,0.478
0.2,0.128,0.202
5.2,0.014,0.199
13.0,0.725,0.318
8.6,3.647,0.588
0.0,2.341,0.498
4.8,2.611,0.497
2.4,3.415,0.561
0.2,0.352,0.261
0.0,0.34,0.255
0.0,1.211,0.394
0.0,3.118,0.551
0.0,3.957,0.611
47.8,6.73,0.743
25.6,18.324,1.231
5.0,15.606,1.132
0.2,6.197,0.732
9.0,3.638,0.521
10.2,8.625,0.856
0.6,7.108,0.784
12.8,6.395,0.744
19.4,3.845,0.6
3.2,2.983,0.529
31.0,4.656,0.636
7.0,7.893,0.82
26.8,12.063,0.977
17.0,10.355,0.928
50.6,12.942,1.022
44.8,11.041,0.938
1.8,11.02,0.954
1.8,5.231,0.686
0.0,3.504,0.583
0.0,3.053,0.552
2.0,3.456,0.573
0.2,2.119,0.481
0.6,1.542,0.427
19.0,2.985,0.535
7.4,6.266,0.742
8.4,18.409,0.991
14.0,0.164,0.19
6.4,1.175,0.389
3.8,0.968,0.363
11.8,1.196,0.391
5.4,14.357,0.829
0.6,0.007,0.133
7.4,0.447,0.26
21.4,1.685,0.441
14.4,4.071,0.612
13.8,4.568,0.641
20.0,6.052,0.732
2.4,5.841,0.721
2.0,9.861,0.906
0.2,11.088,0.962
11.8,9.297,0.881
0.2,2.453,0.492
9.6,1.159,0.383
0.0,1.537,0.428
14.6,1.791,0.45
8.0,5.659,0.706
5.0,3.22,0.56
0.0,1.627,0.436
0.0,0.922,0.359
0.0,0.509,0.296
3.2,0.695,0.32
5.8,1.31,0.403
11.6,2.446,0.504
19.4,6.62,0.76
8.2,7.918,0.818
24.4,12.184,0.998
12.2,18.556,1.24
0.2,12.916,1.032
15.6,7.169,0.786
7.2,4.006,0.613
12.8,4.12,0.602
6.0,4.174,0.607
1.0,0.558,0.304
10.4,0.738,0.321
4.2,1.539,0.427
0.2,0.414,0.273
0.4,0.137,0.202
2.2,0.135,0.202
21.6,0.828,0.323
23.2,4.731,0.653
4.6,1.327,0.406
0.4,0.617,0.31
0.0,0.355,0.267
5.2,0.709,0.323
0.0,1.371,0.411
0.0,1.723,0.445
0.0,3.024,0.548
0.0,2.627,0.515
0.0,1.035,0.373
0.0,1.621,0.433
0.0,1.351,0.403
0.0,0.408,0.279
0.8,0.24,0.239
9.6,0.994,0.352
11.4,2.137,0.482
2.0,1.93,0.462
22.4,1.878,0.443
11.6,11.85,0.99
0.0,3.685,0.564
38.0,5.9,0.692
6.8,5.203,0.68
11.2,7.647,0.805
11.8,7.57,0.8
3.0,3.359,0.565
1.0,0.606,0.309
3.6,0.556,0.298
0.0,1.242,0.397
0.0,0.581,0.297
5.2,0.188,0.219
12.6,0.74,0.324
1.4,1.587,0.428
19.0,0.863,0.351
21.6,5.885,0.557
0.0,15.417,1.122
0.0,5.496,0.696
0.0,5.557,0.7
1.6,8.687,0.859
4.0,6.394,0.748
17.2,4.349,0.633
13.0,7.916,0.822
1.8,7.624,0.804
0.0,2.904,0.537
0.0,1.547,0.429
0.0,2.383,0.501
0.2,2.375,0.501
0.0,2.948,0.541
0.0,3.606,0.589
1.0,1.018,0.362
8.0,1.493,0.422
4.4,2.306,0.496
5.0,1.276,0.37
2.2,1.735,0.441
20.6,2.349,0.496
13.6,2.365,0.499
8.4,1.704,0.444
0.2,3.143,0.554
0.0,4.017,0.616
20.8,5.918,0.712
2.4,9.128,0.879
1.8,5.68,0.707
0.0,2.682,0.524
0.4,0.68,0.314
0.2,0.638,0.307
0.2,1.517,0.425
0.0,1.389,0.412
0.0,1.165,0.388
0.2,1.014,0.37
0.0,0.936,0.361
0.0,0.787,0.341
0.2,0.47,0.291
4.0,0.431,0.284
8.4,0.593,0.309
17.6,5.4,0.686
10.6,11.354,0.972
11.0,10.806,0.948
9.8,7.872,0.822
7.6,6.032,0.729
1.2,3.112,0.555
3.8,2.309,0.495
0.0,1.581,0.432
0.0,0.795,0.338
0.0,0.212,0.229
0.0,0.563,0.298
0.0,1.169,0.389
0.2,1.224,0.395
1.0,0.319,0.226
4.2,0.528,0.276
2.8,1.293,0.392
13.0,1.135,0.382
7.6,0.771,0.324
18.4,0.291,0.249
9.0,0.488,0.294
0.0,0.596,0.312
0.0,0.896,0.356
0.0,1.908,0.459
0.2,2.994,0.548
0.0,4.058,0.619
0.4,4.137,0.624
1.4,2.479,0.506
0.0,0.782,0.33
0.4,0.124,0.191
6.8,1.411,0.398
0.2,5.462,0.7
1.4,10.767,0.945
0.0,8.053,0.824
0.2,2.42,0.497
2.0,0.959,0.359
0.0,0.741,0.335
0.2,0.576,0.31
0.0,0.538,0.304
0.0,0.374,0.269
2.6,0.526,0.293
0.0,1.112,0.381
2.6,2.217,0.48
0.0,3.28,0.568
0.0,3.276,0.568
0.0,4.687,0.656
0.0,4.899,0.669
0.0,2.003,0.458
0.2,4.239,0.619
0.0,2.736,0.529
0.0,1.428,0.403
1.0,0.863,0.328
0.0,1.174,0.39
2.0,0.506,0.282
0.2,0.208,0.226
21.6,1.156,0.35
1.4,2.621,0.519
0.0,2.215,0.488
0.0,1.622,0.428
0.2,0.949,0.361
0.6,1.753,0.448
2.8,4.989,0.673
0.4,3.886,0.607
4.2,3.245,0.565
8.4,5.726,0.708
0.0,9.443,0.89
0.2,10.665,0.944
1.4,5.724,0.712
0.0,6.519,0.754
0.0,6.889,0.774
0.0,4.161,0.623
0.0,1.889,0.458
5.0,1.232,0.394
1.8,2.188,0.486
0.0,1.991,0.469
7.6,1.902,0.448
3.6,4.157,0.625
4.4,5.696,0.356
0.2,36.914,1.831
0.0,14.607,1.095
2.2,5.684,0.705
0.2,2.349,0.499
0.0,3.929,0.606
0.0,4.003,0.613
0.0,2.319,0.497
0.0,2.748,0.529
0.8,4.603,0.651
0.0,5.837,0.721
0.0,5.709,0.714
0.0,4.845,0.665
0.0,3.682,0.595
0.4,3.731,0.598
3.6,3.938,0.611
0.0,2.162,0.477
0.6,0.833,0.327
0.0,0.909,0.357
0.8,1.07,0.377
9.2,0.99,0.368
0.6,0.882,0.354
11.4,1.045,0.374
0.0,0.598,0.305
0.0,0.034,0.199
0.0,0.008,0.199
0.0,0.484,0.283
0.0,1.854,0.454
0.2,3.622,0.59
2.4,2.726,0.524
7.4,1.25,0.394
0.0,1.61,0.427
0.2,3.828,0.603
0.0,2.636,0.514
0.4,0.839,0.349
0.0,0.563,0.307
0.0,0.362,0.27
0.0,0.208,0.228
0.0,0.122,0.2
0.2,0.078,0.2
0.0,0.064,0.2
7.2,19.229,1.012
0.0,43.635,2.044
0.0,26.878,1.513
0.0,13.99,1.066
0.0,4.717,0.651
0.0,2.101,0.479
0.0,1.063,0.367
0.0,0.173,0.217
0.0,0.235,0.236
0.0,0.219,0.231
0.0,0.168,0.215
0.0,0.321,0.26
0.0,0.944,0.359
0.0,0.759,0.327
0.0,0.198,0.226
0.0,0.275,0.249
0.0,0.279,0.25
0.0,0.231,0.236
0.0,0.092,0.201
0.0,0.196,0.226
0.0,0.205,0.228
0.0,1.087,0.361
0.0,3.117,0.557
5.2,4.787,0.632
1.6,5.386,0.684
0.4,2.086,0.478
0.0,1.843,0.457
0.0,2.353,0.499
0.0,3.652,0.592
0.0,4.176,0.626
3.6,7.321,0.791
14.0,6.64,0.762
28.2,11.774,0.987
14.6,13.655,1.056
55.4,22.196,1.346
2.8,16.66,1.163
0.0,6.271,0.742
9.4,4.858,0.662
9.6,3.227,0.564
2.2,2.233,0.49
0.8,3.404,0.574
1.2,4.269,0.631
0.4,2.372,0.498
2.2,0.894,0.356
0.2,0.43,0.274
0.0,0.256,0.241
1.0,0.582,0.309
16.4,0.812,0.345
2.0,18.995,1.179
0.0,0.007,0.149
0.0,0.036,0.2
0.0,0.676,0.31
0.0,1.556,0.429
0.0,1.036,0.373
0.0,0.431,0.278
0.0,0.302,0.249
0.0,0.798,0.343
0.0,1.361,0.408
0.0,2.116,0.48
0.0,2.106,0.479
0.0,1.809,0.453
0.0,1.935,0.464
1.2,0.965,0.345
4.0,0.136,0.202
0.4,0.034,0.199
0.0,0.355,0.264
2.4,0.793,0.342
1.2,0.984,0.365
0.4,1.642,0.43
0.0,2.546,0.514
0.6,1.323,0.401
5.2,1.37,0.406
0.0,1.184,0.386
0.0,0.395,0.274
16.6,0.23,0.233
0.6,0.796,0.333
1.6,2.156,0.435
0.0,3.874,0.606
0.0,4.641,0.654
3.0,3.479,0.58
1.4,3.79,0.601
5.2,1.161,0.368
2.0,0.158,0.211
10.4,0.244,0.24
9.4,0.514,0.3
1.0,0.393,0.275
1.0,0.841,0.343
33.2,3.831,0.579
14.4,6.402,0.749
10.4,7.14,0.775
8.6,2.706,0.52
9.2,4.129,0.62
0.0,3.281,0.568
6.0,11.525,0.955
15.2,3.016,0.54
13.2,7.542,0.799
8.2,5.915,0.721
0.4,3.039,0.548
0.8,1.75,0.448
2.2,2.037,0.469
0.0,3.22,0.564
6.6,3.213,0.562
0.0,1.706,0.444
4.6,1.537,0.428
24.0,3.536,0.583
15.2,3.781,0.597
15.2,1.807,0.427
3.0,2.224,0.472
1.6,2.625,0.52
2.8,4.707,0.656
9.8,42.571,1.999
19.4,2.578,0.499
3.4,11.846,0.936
8.4,0.4,0.249
15.6,1.056,0.372
5.2,1.463,0.42
9.8,0.625,0.315
9.2,1.622,0.434
13.0,2.579,0.512
3.6,3.59,0.589
1.0,2.889,0.538
0.2,1.829,0.455
0.0,1.848,0.457
1.6,1.238,0.396
7.8,1.168,0.388
0.6,2.237,0.487
8.2,3.829,0.601
3.2,3.783,0.595
1.0,1.732,0.447
5.0,1.811,0.446
19.2,1.805,0.425
0.0,0.226,0.233
10.8,0.141,0.204
5.0,0.484,0.29
7.4,0.557,0.303
6.8,1.025,0.373
4.8,2.254,0.487
0.0,1.785,0.448
3.0,1.282,0.4
0.8,0.809,0.325
0.2,0.273,0.245
0.4,0.241,0.239
3.0,0.117,0.201
0.4,0.126,0.216
13.2,5.006,0.656
0.0,4.827,0.663
3.2,2.032,0.468
2.0,0.901,0.354
16.2,2.616,0.517
8.6,5.643,0.71
0.4,5.788,0.718
4.8,5.43,0.699
16.0,2.331,0.486
0.0,4.147,0.622
25.0,6.273,0.739
16.8,35.208,1.676
3.8,8.507,0.848
4.8,3.017,0.532
4.8,1.065,0.376
12.8,1.549,0.427
4.0,2.039,0.472
1.8,2.416,0.445
2.6,7.141,0.786
2.8,5.12,0.68
0.2,2.421,0.5
0.0,1.828,0.454
0.0,2.527,0.513
0.4,2.188,0.486
0.2,2.397,0.502
0.0,1.301,0.387
6.2,0.592,0.276
26.0,5.571,0.704
3.8,7.639,0.81
0.0,5.401,0.69
3.0,1.574,0.414
7.4,1.433,0.406
0.2,1.163,0.379
27.0,1.254,0.361
1.0,2.97,0.546
8.2,13.192,0.929
4.2,11.706,0.986
0.6,9.104,0.878
11.4,8.799,0.864
2.0,6.967,0.777
0.8,4.218,0.627
11.6,4.23,0.613
21.4,7.417,0.799
18.0,6.05,0.717
19.2,3.452,0.574
4.2,4.755,0.661
0.4,5.281,0.69
0.0,5.22,0.687
0.0,4.439,0.642
0.8,3.151,0.557
1.2,2.903,0.54
1.4,4.217,0.628
0.0,2.881,0.534
5.0,1.309,0.4
2.4,3.576,0.585
0.2,3.988,0.612
0.6,1.833,0.455
2.6,1.376,0.412
0.4,0.868,0.349
0.2,0.269,0.245
0.0,1.308,0.39
2.8,1.413,0.411
2.8,1.713,0.442
0.0,1.949,0.466
2.2,0.97,0.359
6.0,0.654,0.298
3.6,4.71,0.654
5.0,2.893,0.539
3.8,2.992,0.544
5.0,1.949,0.466
5.0,1.876,0.437
14.0,3.969,0.613
19.0,2.897,0.54
4.2,3.435,0.578
12.8,3.105,0.556
13.4,5.485,0.693
13.6,6.261,0.742
0.4,6.114,0.734
8.8,10.102,0.868
9.4,1.225,0.39
1.6,1.87,0.459
11.8,2.14,0.473
23.4,1.114,0.371
2.0,1.082,0.367
11.6,0.756,0.327
4.4,4.924,0.622
27.0,9.255,0.864
4.8,6.898,0.77
9.2,3.603,0.584
8.8,6.23,0.739
10.2,9.226,0.883
5.8,11.149,0.962
0.2,10.496,0.936
0.0,7.16,0.787
9.8,7.215,0.79
0.2,3.453,0.571
2.2,2.15,0.481
4.6,0.849,0.303
0.0,1.984,0.466
0.2,0.74,0.332
0.0,0.349,0.267
0.2,0.279,0.25
3.8,0.213,0.23
10.6,1.428,0.394
3.8,3.351,0.572
2.8,0.902,0.343
9.8,0.133,0.214
2.2,0.041,0.199
15.2,0.315,0.246
0.6,1.002,0.369
8.0,0.094,0.2
2.2,0.939,0.317
0.0,1.964,0.467
0.0,1.033,0.371
0.0,2.23,0.48
0.0,3.45,0.58
0.0,1.154,0.366
0.0,0.222,0.232
0.0,0.686,0.325
0.0,0.467,0.286
0.0,0.846,0.339
0.0,0.817,0.334
0.0,0.171,0.218
0.0,0.571,0.298
0.2,1.974,0.465
0.0,1.385,0.392
0.2,0.184,0.22
1.0,0.445,0.279
4.4,1.514,0.422
10.0,0.008,0.198
20.8,0.849,0.328
8.4,4.528,0.643
5.4,4.971,0.67
0.0,3.36,0.574
0.2,5.506,0.7
0.0,4.845,0.661
0.0,3.232,0.565
2.2,1.094,0.357
1.8,0.432,0.269
0.4,0.123,0.208
1.6,0.384,0.262
0.8,0.681,0.325
5.2,0.718,0.327
1.0,5.143,0.64
0.0,4.918,0.669
0.0,2.76,0.528
0.0,0.799,0.334
0.0,1.108,0.371
0.0,5.759,0.708
0.0,4.989,0.664
0.0,4.727,0.652
0.0,5.355,0.692
0.0,2.547,0.511
0.0,1.425,0.417
0.0,0.975,0.362
21.0,1.327,0.36
3.8,6.176,0.737
0.0,5.248,0.689
2.2,2.252,0.455
6.0,0.45,0.284
2.0,0.505,0.298
7.4,1.237,0.378
1.0,2.045,0.474
0.0,6.124,0.728
25.0,8.688,0.851
7.8,9.891,0.905
1.8,3.217,0.557
5.8,1.175,0.389
3.6,29.812,1.402
0.0,37.428,1.847
3.6,11.531,0.973
11.4,3.711,0.577
28.2,3.016,0.547
2.0,5.106,0.68
3.0,3.578,0.587
8.2,2.783,0.525
2.8,8.677,0.853
2.0,7.426,0.789
0.6,2.914,0.542
8.0,1.703,0.394
6.0,2.976,0.541
3.0,0.954,0.364
1.6,0.834,0.348
0.0,1.21,0.391
0.0,3.232,0.562
3.6,2.442,0.499
7.2,1.424,0.41
0.0,0.865,0.334
0.2,0.137,0.203
0.0,0.405,0.274
0.0,0.312,0.254
0.0,0.413,0.274
0.0,1.915,0.459
0.0,3.569,0.587
8.0,3.758,0.596
7.2,4.515,0.632
4.0,3.383,0.572
1.4,3.925,0.61
4.2,3.959,0.612
0.2,2.695,0.525
0.0,2.783,0.532
0.0,3.129,0.557
0.6,1.23,0.382
24.0,0.918,0.343
0.0,1.444,0.418
0.2,1.109,0.381
0.0,1.097,0.381
0.8,1.361,0.41
0.0,0.778,0.329
0.0,0.134,0.201
0.6,0.098,0.202
5.4,1.619,0.415
10.2,1.561,0.388
5.4,0.415,0.27
33.4,5.78,0.661
1.4,6.127,0.723
11.8,2.915,0.536
0.4,1.418,0.393
3.6,0.034,0.2
2.0,0.219,0.234
1.8,0.139,0.198
0.6,0.015,0.189
5.0,2.178,0.466
0.0,5.729,0.713
0.6,7.56,0.807
0.6,5.624,0.706
0.0,2.165,0.478
0.0,1.237,0.396
1.8,1.304,0.392
0.0,0.14,0.204
1.8,0.162,0.216
5.0,0.069,0.205
0.0,0.262,0.243
0.0,0.579,0.31
0.0,0.725,0.332
0.2,0.792,0.342
0.0,1.506,0.421
0.0,1.732,0.446
0.0,0.969,0.364
12.0,0.941,0.356
28.8,5.233,0.679
1.4,6.318,0.741
0.0,2.77,0.53
0.0,1.437,0.416
0.0,1.675,0.439
0.0,1.906,0.462
9.6,1.606,0.435
0.0,1.056,0.375
9.6,0.827,0.345
2.0,1.537,0.416
6.4,0.952,0.353
3.4,0.19,0.225
1.6,0.109,0.209
0.2,0.192,0.224
2.4,0.018,0.2
0.0,0.102,0.201
0.0,0.125,0.202
0.0,0.024,0.2
0.0,0.423,0.275
0.0,2.56,0.509
0.0,2.891,0.54
2.0,1.706,0.443
5.6,39.655,1.844
0.0,36.771,1.826
0.6,13.218,1.041
6.0,5.199,0.681
1.4,4.291,0.633
8.2,7.265,0.699
1.8,1.826,0.454
4.4,3.469,0.513
1.2,1.523,0.384
8.0,3.262,0.567
0.0,3.548,0.586
0.2,1.775,0.434
0.0,0.637,0.312
0.4,1.521,0.426
0.0,1.107,0.38
0.0,1.516,0.419
0.0,2.243,0.489
0.0,0.698,0.319
0.8,0.023,0.189
61.2,3.082,0.528
7.0,8.718,0.86
15.6,11.407,0.966
2.4,9.32,0.887
1.6,8.451,0.848
1.4,4.362,0.624
9.0,0.956,0.348
0.0,0.556,0.301
30.0,1.424,0.4
5.8,5.832,0.717
0.0,3.812,0.603
0.8,1.465,0.401
0.0,0.145,0.207
0.0,0.259,0.244
0.0,0.452,0.288
3.2,0.386,0.275
0.2,0.337,0.264
0.0,0.502,0.295
0.2,1.886,0.456
12.4,3.06,0.553
3.0,5.225,0.674
0.0,4.781,0.658
7.0,1.802,0.441
2.6,7.931,0.751
1.0,1.284,0.4
0.2,0.601,0.314
0.0,0.358,0.268
62.2,5.098,0.573
30.8,15.615,1.136
2.2,10.623,0.941
3.0,5.931,0.723
30.2,8.628,0.842
24.4,9.424,0.865
14.4,13.057,1.04
11.8,10.05,0.917
5.0,4.571,0.646
25.0,2.868,0.538
0.8,3.207,0.563
1.4,2.288,0.494
11.2,9.113,0.827
2.4,3.164,0.547
5.4,1.81,0.447
6.6,1.956,0.465
6.2,1.252,0.372
8.6,0.067,0.2
0.8,0.138,0.217
3.4,0.372,0.272
6.2,0.476,0.293
9.2,0.835,0.345
18.8,3.723,0.597
14.4,6.298,0.745
2.2,5.863,0.722
0.8,4.48,0.643
11.8,8.062,0.701
1.6,19.821,1.272
8.8,6.829,0.769
4.4,2.398,0.495
2.0,1.738,0.445
6.0,1.727,0.442
7.4,3.073,0.554
16.0,3.57,0.588
4.0,3.804,0.603
3.0,20.546,1.254
8.8,2.343,0.476
3.8,0.087,0.179
17.0,4.169,0.554
4.6,4.604,0.65
2.0,16.448,1.146
3.2,4.286,0.587
2.0,0.151,0.209
4.6,0.196,0.231
0.0,0.444,0.286
8.4,1.711,0.416
15.6,43.894,1.947
0.8,43.928,2.053
3.0,16.981,1.17
2.8,8.647,0.857
4.0,5.61,0.697
6.8,6.068,0.647
1.8,7.585,0.798
0.2,4.936,0.671
12.6,4.351,0.626
7.6,15.819,1.093
4.0,8.295,0.84
4.2,3.872,0.601
3.8,0.25,0.215
0.0,0.956,0.364
0.6,1.099,0.381
0.0,0.655,0.319
6.0,0.979,0.365
0.0,0.814,0.344
0.8,0.54,0.301
0.0,0.607,0.313
0.0,1.718,0.433
0.2,4.085,0.62
0.6,5.864,0.721
0.0,7.655,0.811
0.0,5.55,0.701
0.0,2.443,0.506
0.0,2.304,0.495
0.0,1.855,0.456
0.0,0.552,0.302
0.0,0.255,0.244
0.0,0.165,0.215
7.8,0.369,0.266
0.4,1.414,0.414
1.0,1.893,0.461
10.6,4.146,0.617
0.0,2.442,0.485
0.4,1.571,0.413
7.0,1.407,0.408
6.2,2.204,0.488
3.8,1.718,0.444
8.6,3.606,0.577
15.8,10.854,0.893
14.2,3.921,0.584
13.6,3.935,0.603
10.6,2.264,0.486
32.8,11.934,0.967
5.4,7.712,0.808
0.2,3.857,0.606
0.2,3.064,0.553
13.6,2.858,0.538
15.2,5.461,0.696
8.4,8.501,0.851
4.8,7.942,0.825
16.6,7.877,0.821
6.8,6.548,0.757
14.6,9.137,0.879
39.2,11.923,0.989
6.8,13.614,1.06
6.2,8.024,0.826
7.0,9.863,0.9
31.0,19.672,1.165
9.0,27.958,1.545
2.0,9.1,0.843
0.2,0.66,0.314
0.6,0.172,0.22
3.4,0.454,0.287
0.4,1.258,0.395
4.0,4.295,0.627
11.2,1.797,0.448
0.4,2.838,0.537
2.0,5.124,0.68
3.6,6.406,0.75
0.0,7.825,0.818
0.2,7.118,0.784
1.0,3.603,0.587
3.4,2.28,0.493
1.6,1.069,0.359
7.8,0.246,0.239
13.2,0.036,0.199
2.8,0.085,0.2
6.6,1.166,0.371
2.0,1.129,0.365
0.0,1.85,0.451
0.6,0.178,0.163
0.8,1.983,0.467
4.2,2.794,0.534
