Precipitation,Flow Rate,Water Level
4.4,2.451,0.508
0.8,2.731,0.529
1.4,1.985,0.465
0.0,1.065,0.376
12.8,1.912,0.458
0.0,2.495,0.511
0.6,1.807,0.453
0.0,0.542,0.292
0.0,0.175,0.218
0.0,0.18,0.22
0.0,0.007,0.199
10.2,0.528,0.288
25.4,1.397,0.411
12.0,8.456,0.843
0.0,8.967,0.872
8.6,9.128,0.879
0.0,7.063,0.782
0.0,7.497,0.802
0.0,6.254,0.738
2.0,6.915,0.773
0.0,5.449,0.698
0.0,7.153,0.783
0.0,7.805,0.817
0.0,4.093,0.614
0.0,2.321,0.496
0.0,3.663,0.593
0.0,3.546,0.586
0.0,6.157,0.73
0.0,10.366,0.932
0.0,7.992,0.824
0.0,4.31,0.634
0.0,1.528,0.405
0.0,0.505,0.289
0.0,0.903,0.357
0.0,0.572,0.309
0.0,0.742,0.333
0.0,0.998,0.369
1.0,1.581,0.425
9.8,2.349,0.495
1.6,9.798,0.707
3.2,26.942,1.515
0.0,16.788,1.174
1.8,10.921,0.955
0.0,7.919,0.823
0.0,4.915,0.668
3.8,2.834,0.532
0.0,0.647,0.307
6.8,0.351,0.256
2.0,0.893,0.343
0.2,0.576,0.299
15.8,0.184,0.22
0.2,1.185,0.365
0.2,3.207,0.563
5.2,3.131,0.551
0.4,3.61,0.587
5.2,5.172,0.67
1.8,2.446,0.5
0.2,1.426,0.416
0.0,2.268,0.492
0.2,2.953,0.545
1.4,1.819,0.451
20.8,4.103,0.596
8.2,6.47,0.742
9.8,9.333,0.885
1.8,5.309,0.689
16.8,5.143,0.68
7.2,9.047,0.873
1.4,8.564,0.852
5.0,6.483,0.754
2.6,7.736,0.815
5.2,7.407,0.799
14.4,6.477,0.748
31.8,4.243,0.625
0.2,2.807,0.524
10.4,0.971,0.366
1.8,1.514,0.399
3.8,1.054,0.368
29.6,3.038,0.523
2.2,3.169,0.56
7.2,2.364,0.496
0.2,2.14,0.481
51.6,5.97,0.664
21.0,19.292,1.253
0.0,6.175,0.736
0.0,3.447,0.577
0.0,2.508,0.512
0.0,1.865,0.457
0.0,0.874,0.349
0.0,0.226,0.233
0.0,0.136,0.202
0.0,0.278,0.244
0.0,0.661,0.324
0.0,0.625,0.318
0.0,0.375,0.27
0.0,0.547,0.294
0.0,0.589,0.304
0.0,0.276,0.249
0.0,0.209,0.228
0.0,0.072,0.2
0.0,0.096,0.201
0.0,0.19,0.223
4.4,0.076,0.203
0.0,1.354,0.388
0.0,2.248,0.49
0.0,1.818,0.454
1.6,1.163,0.365
0.2,0.149,0.208
6.4,0.574,0.309
1.4,0.523,0.298
0.0,0.243,0.236
4.2,0.759,0.335
8.0,1.189,0.392
16.0,4.206,0.617
13.0,6.481,0.754
4.6,3.533,0.577
21.0,2.388,0.502
7.8,2.691,0.526
3.6,3.439,0.577
2.6,2.115,0.452
6.0,0.234,0.237
3.8,0.567,0.304
2.6,1.3,0.403
14.0,2.49,0.508
20.0,3.583,0.584
12.6,2.297,0.475
10.2,4.373,0.635
6.4,5.034,0.677
49.0,12.125,0.99
22.6,18.029,1.222
9.8,16.551,1.169
7.2,10.388,0.929
1.2,5.856,0.721
2.6,4.59,0.651
0.0,3.95,0.612
0.0,5.682,0.71
0.8,10.439,0.934
8.4,10.174,0.923
12.4,3.926,0.532
19.6,9.108,0.878
16.0,10.184,0.829
0.2,17.31,1.195
0.2,11.735,0.988
9.0,14.31,1.084
23.6,5.428,0.673
8.2,5.688,0.71
10.0,6.087,0.732
12.2,3.025,0.55
26.4,4.673,0.649
10.8,7.906,0.82
4.6,3.814,0.594
3.6,0.966,0.365
21.8,2.986,0.544
4.6,4.422,0.632
31.0,14.405,1.08
2.8,15.589,1.135
0.0,8.219,0.829
0.2,4.639,0.654
7.2,2.52,0.503
0.2,1.372,0.41
6.6,1.283,0.39
6.6,0.72,0.317
2.0,0.607,0.299
10.8,2.362,0.486
3.6,3.681,0.579
13.4,0.702,0.328
6.4,0.534,0.303
8.0,1.755,0.442
0.8,1.886,0.459
0.0,0.642,0.311
0.0,0.744,0.323
0.0,0.501,0.282
0.2,0.122,0.203
0.2,0.366,0.253
0.4,0.629,0.319
0.0,1.396,0.411
0.2,1.049,0.367
0.6,0.267,0.246
0.6,0.045,0.199
0.0,0.007,0.199
0.0,0.008,0.199
3.0,0.219,0.238
0.4,0.743,0.324
0.0,1.634,0.435
27.0,4.501,0.624
3.0,3.684,0.591
4.6,2.405,0.504
5.0,2.436,0.502
15.0,3.43,0.575
8.2,6.169,0.717
18.6,1.265,0.399
6.8,4.166,0.56
11.0,9.531,0.887
14.8,7.042,0.777
17.6,9.706,0.902
9.0,9.274,0.884
4.0,6.448,0.752
29.4,12.419,1.013
16.2,11.487,0.976
10.6,3.111,0.49
5.0,0.243,0.235
0.2,0.218,0.232
4.4,0.428,0.275
7.0,0.65,0.32
7.8,1.093,0.38
7.0,1.199,0.391
0.8,1.341,0.404
13.0,0.645,0.316
13.8,1.7,0.443
4.8,0.603,0.313
0.0,0.704,0.33
0.0,0.585,0.309
0.0,0.206,0.228
0.0,0.221,0.232
0.0,0.492,0.294
0.0,0.373,0.265
2.6,0.222,0.23
0.2,0.497,0.292
0.0,1.699,0.442
0.6,3.462,0.578
3.4,3.493,0.582
0.0,1.626,0.433
25.0,1.129,0.384
1.4,2.597,0.505
27.8,7.574,0.793
18.4,10.757,0.913
4.8,7.921,0.824
18.8,9.125,0.875
7.0,5.181,0.685
4.0,4.897,0.669
10.2,3.022,0.451
0.0,0.426,0.282
0.0,0.195,0.224
0.0,0.011,0.199
0.0,0.288,0.25
0.0,0.318,0.257
0.0,0.135,0.202
0.0,0.09,0.2
6.8,0.007,0.199
4.6,0.426,0.266
1.8,0.986,0.355
1.0,3.134,0.543
3.8,1.729,0.43
0.0,1.15,0.386
0.0,0.682,0.326
0.0,0.362,0.269
0.0,0.187,0.222
0.2,0.643,0.247
0.0,1.615,0.435
0.0,0.985,0.366
0.0,2.931,0.534
0.0,3.645,0.592
2.8,2.359,0.493
1.8,0.465,0.287
2.2,0.557,0.285
7.8,2.261,0.492
27.2,1.658,0.432
0.4,0.782,0.341
0.0,0.475,0.286
0.0,0.055,0.2
12.6,0.534,0.283
2.6,1.038,0.371
12.0,0.769,0.315
11.8,5.084,0.679
0.0,6.31,0.745
0.8,6.713,0.766
0.4,4.252,0.628
10.8,17.69,0.85
8.6,35.784,1.792
0.4,16.01,1.147
0.4,8.803,0.862
0.0,4.245,0.625
2.4,2.746,0.53
5.0,2.0,0.455
10.8,0.828,0.314
12.8,5.458,0.697
4.2,4.729,0.659
1.2,6.283,0.741
0.0,6.767,0.768
2.6,9.381,0.888
0.0,6.755,0.762
8.0,3.323,0.567
1.2,1.525,0.424
0.2,1.975,0.462
6.8,4.138,0.357
12.2,36.39,1.811
7.4,26.295,1.495
1.0,17.898,1.212
21.6,11.781,0.99
8.6,11.678,0.986
14.4,11.06,0.959
4.2,6.502,0.754
1.2,3.231,0.56
10.6,2.738,0.517
6.0,4.414,0.638
1.4,4.309,0.631
0.2,1.795,0.449
0.0,0.366,0.261
0.0,0.165,0.215
0.0,0.281,0.249
0.0,0.253,0.239
0.0,0.048,0.2
0.0,0.348,0.26
0.0,1.493,0.422
1.6,2.679,0.521
8.0,21.203,1.171
0.2,12.157,0.999
2.8,6.186,0.738
2.0,3.067,0.545
4.2,3.39,0.534
2.6,3.757,0.596
0.0,1.447,0.418
0.0,0.966,0.365
4.4,1.341,0.405
17.6,2.478,0.509
0.0,2.779,0.533
23.4,4.509,0.635
5.0,5.804,0.719
0.6,4.363,0.635
0.2,3.619,0.59
0.0,3.773,0.601
4.0,2.317,0.42
9.0,7.537,0.804
3.8,2.604,0.499
1.4,1.252,0.394
15.8,0.771,0.332
0.2,0.345,0.26
0.0,0.111,0.202
8.4,2.312,0.443
1.6,2.544,0.514
9.4,1.922,0.463
6.8,3.895,0.558
0.0,5.889,0.722
0.0,3.348,0.571
0.0,1.312,0.398
17.6,0.695,0.327
19.2,2.892,0.534
9.4,2.417,0.503
4.2,1.352,0.405
5.6,1.224,0.395
0.0,3.386,0.569
0.4,4.156,0.624
0.6,4.0,0.615
0.0,5.493,0.701
2.6,5.298,0.69
9.6,4.42,0.64
11.6,6.196,0.737
4.2,7.102,0.785
0.0,8.342,0.843
2.6,5.832,0.718
9.8,2.384,0.481
1.0,0.359,0.259
11.4,0.442,0.272
7.4,1.453,0.409
10.0,2.707,0.525
4.2,0.954,0.354
0.0,0.573,0.299
0.0,0.81,0.343
1.4,0.495,0.294
13.4,0.954,0.358
3.4,0.642,0.318
0.0,0.656,0.323
0.0,0.855,0.351
0.0,0.876,0.354
0.2,0.717,0.332
0.0,0.772,0.34
0.0,1.127,0.384
0.0,0.842,0.346
17.2,0.561,0.294
9.0,9.429,0.89
1.8,5.957,0.724
0.4,2.281,0.487
8.0,0.945,0.363
4.6,3.018,0.532
0.0,3.081,0.553
25.8,4.337,0.622
18.6,5.374,0.694
1.4,8.323,0.841
2.6,9.701,0.904
0.6,5.702,0.706
0.0,2.447,0.507
0.0,1.172,0.382
0.0,0.276,0.25
0.0,0.181,0.22
0.2,0.049,0.199
0.4,0.133,0.201
0.0,0.134,0.201
0.0,0.32,0.256
0.0,0.404,0.276
0.0,0.709,0.323
0.0,0.986,0.367
0.0,0.389,0.269
6.4,0.251,0.235
0.2,0.731,0.333
0.0,1.668,0.439
1.6,1.57,0.43
0.6,0.881,0.354
0.0,0.382,0.268
0.8,0.138,0.203
0.0,0.139,0.203
0.2,0.134,0.202
5.6,0.462,0.288
0.6,0.985,0.36
1.8,0.894,0.349
6.6,0.464,0.289
2.8,1.47,0.417
0.0,1.67,0.441
0.0,1.572,0.431
0.0,0.768,0.328
0.0,0.133,0.201
0.2,0.302,0.249
0.0,0.836,0.346
0.0,1.783,0.45
0.0,0.844,0.334
0.0,0.105,0.203
2.0,0.114,0.217
8.6,1.593,0.431
0.6,2.823,0.534
0.0,2.761,0.527
0.0,2.056,0.474
0.0,1.339,0.391
1.8,0.14,0.208
6.4,0.009,0.195
0.0,0.264,0.244
0.0,1.145,0.383
0.0,4.232,0.624
0.0,5.133,0.682
0.2,3.568,0.585
0.0,2.493,0.511
0.0,2.85,0.538
0.4,3.257,0.567
33.2,11.279,0.944
5.8,11.459,0.977
2.2,8.846,0.864
24.2,4.278,0.615
5.2,1.681,0.412
0.0,0.135,0.201
10.8,2.517,0.486
8.0,4.272,0.627
16.8,4.906,0.665
0.2,3.891,0.608
9.4,6.913,0.765
0.2,4.87,0.658
1.0,0.533,0.279
0.0,0.298,0.255
0.4,0.913,0.352
3.6,0.55,0.305
8.8,0.197,0.226
8.6,0.582,0.298
9.2,1.412,0.415
15.4,1.887,0.454
27.6,5.364,0.695
3.8,14.732,1.089
0.8,3.143,0.558
13.4,2.58,0.516
15.4,1.71,0.444
48.8,10.495,0.9
201.0,34.26,1.733
697.8,33.84,1.733
258.4,50.586,2.269
51.6,33.139,1.707
417.2,48.049,2.186
29.2,32.016,1.673
28.4,23.531,1.406
4.8,17.993,1.219
14.2,11.249,0.962
2.4,4.25,0.62
2.4,0.839,0.335
11.0,0.348,0.266
12.6,0.326,0.258
25.0,3.182,0.546
13.4,6.985,0.775
19.6,5.533,0.694
3.0,8.22,0.838
1.0,7.873,0.822
5.2,7.847,0.82
31.4,9.616,0.895
26.2,21.877,1.35
9.2,12.32,1.002
3.4,6.347,0.747
15.2,6.11,0.735
3.8,5.323,0.692
8.4,3.591,0.586
6.2,2.194,0.409
0.2,3.869,0.602
2.6,2.046,0.456
0.2,0.292,0.249
7.0,1.859,0.431
3.8,4.062,0.61
12.6,1.869,0.458
2.6,0.811,0.341
5.6,0.592,0.312
10.0,0.907,0.357
6.8,1.496,0.421
4.8,1.694,0.432
15.4,1.581,0.406
0.6,2.608,0.518
0.8,2.227,0.489
10.8,3.317,0.571
1.8,2.781,0.532
8.4,3.04,0.551
24.8,3.368,0.574
7.0,11.297,0.646
7.6,0.031,0.184
1.6,0.292,0.252
2.6,0.906,0.351
4.2,1.826,0.452
1.6,2.009,0.471
0.4,3.56,0.581
21.8,6.137,0.734
15.6,7.32,0.795
2.0,3.606,0.585
38.2,3.34,0.562
6.2,5.764,0.711
3.2,3.02,0.55
7.6,2.734,0.527
0.2,2.978,0.547
2.6,3.587,0.588
4.8,2.415,0.497
9.0,1.784,0.451
7.8,2.824,0.533
2.2,2.372,0.498
1.2,0.255,0.21
12.8,1.065,0.349
23.8,7.526,0.784
1.0,10.621,0.942
19.2,6.548,0.706
4.0,7.165,0.781
15.0,5.093,0.679
11.6,4.069,0.617
6.4,2.789,0.53
15.0,5.053,0.678
7.8,5.074,0.679
3.0,2.805,0.529
16.6,2.334,0.498
5.8,2.643,0.522
3.8,1.206,0.375
13.0,2.245,0.491
5.0,7.344,0.737
6.8,1.092,0.366
21.6,4.329,0.628
11.6,7.237,0.791
31.4,11.752,0.976
1.6,8.455,0.835
0.4,3.214,0.563
0.0,3.8,0.6
0.0,4.348,0.636
0.0,4.336,0.636
0.2,3.634,0.59
17.8,2.444,0.502
33.8,13.162,1.041
0.2,8.034,0.825
14.2,5.786,0.717
17.0,4.985,0.673
14.2,4.555,0.646
5.6,5.494,0.7
0.2,3.093,0.554
0.8,0.871,0.335
1.8,0.204,0.221
0.0,1.228,0.395
0.2,0.85,0.35
0.2,1.207,0.391
2.2,1.614,0.435
36.8,8.547,0.822
12.4,5.104,0.662
0.6,2.895,0.54
20.6,9.977,0.904
0.0,6.824,0.765
0.0,5.54,0.703
2.4,7.988,0.827
4.0,5.148,0.676
4.0,3.977,0.609
0.2,2.733,0.524
4.4,0.776,0.327
6.8,0.287,0.251
0.0,0.215,0.23
0.0,0.262,0.241
0.0,0.321,0.256
0.0,0.127,0.201
0.2,0.125,0.2
0.0,0.387,0.266
0.0,0.717,0.33
0.0,0.546,0.305
0.0,0.762,0.338
0.2,2.142,0.478
0.0,1.691,0.441
12.2,2.224,0.48
1.8,4.493,0.645
20.2,5.229,0.686
1.4,5.728,0.715
3.4,2.628,0.488
0.4,1.208,0.379
1.2,3.196,0.529
3.6,2.653,0.511
21.0,1.158,0.385
6.4,0.93,0.359
9.6,1.037,0.374
13.6,1.329,0.406
1.2,2.238,0.489
17.8,4.326,0.628
6.4,4.979,0.668
0.0,1.02,0.369
0.0,0.456,0.287
0.0,0.345,0.266
0.0,0.26,0.243
0.0,0.509,0.29
0.0,0.531,0.293
0.0,0.541,0.295
0.0,0.673,0.317
0.0,0.192,0.224
0.0,0.374,0.267
0.0,0.745,0.336
0.0,1.163,0.388
0.0,1.252,0.398
0.0,0.833,0.347
0.0,0.953,0.359
0.0,1.701,0.444
0.6,1.828,0.455
0.0,1.52,0.425
0.0,0.675,0.318
0.0,0.886,0.328
9.2,3.329,0.546
1.2,6.029,0.73
1.0,3.068,0.548
15.4,1.614,0.435
16.8,1.027,0.363
5.6,3.021,0.511
0.0,1.051,0.368
0.0,0.802,0.34
0.0,2.676,0.519
0.0,3.133,0.556
5.0,3.141,0.558
0.0,1.684,0.436
0.0,2.002,0.466
0.0,2.734,0.529
0.0,2.766,0.532
0.0,0.994,0.348
0.0,0.137,0.202
0.0,0.335,0.255
0.0,1.155,0.387
3.0,5.228,0.323
16.8,44.859,2.085
8.6,17.459,1.194
3.8,9.374,0.888
33.8,13.384,1.048
2.6,12.724,1.025
0.0,9.485,0.894
0.0,5.574,0.697
0.0,2.818,0.535
2.0,2.218,0.484
1.6,0.652,0.301
0.0,0.25,0.239
0.0,0.257,0.241
0.0,0.101,0.201
0.0,0.018,0.199
0.0,0.084,0.2
0.0,0.132,0.2
0.6,0.056,0.147
0.0,3.983,0.609
0.0,3.274,0.561
0.0,0.793,0.331
0.0,0.127,0.201
0.0,0.012,0.199
0.0,0.933,0.343
0.0,1.144,0.376
0.8,1.011,0.364
0.0,0.441,0.277
4.8,0.316,0.249
8.4,0.499,0.29
0.4,0.838,0.342
0.8,2.113,0.48
0.2,2.162,0.484
0.0,1.809,0.453
11.6,1.348,0.407
12.4,3.579,0.588
0.0,5.254,0.687
0.6,5.86,0.721
0.0,4.862,0.667
5.4,5.519,0.703
0.0,5.966,0.727
2.4,2.818,0.524
4.4,1.448,0.407
1.2,0.612,0.265
0.8,1.525,0.417
3.8,0.514,0.298
11.4,0.937,0.361
24.2,2.447,0.497
6.4,3.129,0.558
7.4,5.919,0.716
6.2,1.389,0.413
3.6,1.486,0.422
8.8,4.765,0.658
11.6,5.704,0.712
5.0,3.991,0.612
5.8,2.977,0.544
0.6,3.583,0.583
0.4,1.699,0.443
2.4,2.695,0.506
0.2,0.591,0.308
11.8,0.906,0.357
3.4,0.984,0.367
5.6,0.575,0.298
1.8,0.014,0.198
0.2,0.019,0.199
2.8,0.587,0.283
1.4,1.618,0.436
5.2,2.442,0.465
0.6,5.464,0.697
1.8,3.81,0.603
5.2,4.054,0.597
0.2,0.379,0.268
1.2,2.727,0.519
2.4,1.261,0.399
0.0,3.087,0.553
1.4,3.339,0.572
0.0,4.553,0.647
0.0,5.241,0.688
0.4,3.209,0.56
21.0,3.454,0.578
7.4,5.715,0.714
0.0,4.992,0.674
0.0,2.522,0.507
1.2,0.819,0.339
6.6,1.069,0.374
2.0,1.112,0.382
5.6,2.478,0.51
1.9,2.801,0.534
0.0,5.955,0.72
0.0,6.073,0.727
0.0,5.465,0.698
0.0,4.05,0.607
0.0,1.134,0.385
0.0,1.181,0.39
0.0,0.789,0.336
7.8,0.23,0.237
13.8,0.347,0.261
1.4,0.688,0.327
5.0,2.535,0.505
7.6,2.744,0.523
1.4,5.683,0.712
0.6,5.592,0.707
1.8,5.471,0.701
0.0,3.777,0.596
0.0,1.546,0.427
0.0,1.045,0.375
0.0,0.648,0.32
2.2,0.621,0.314
0.4,0.507,0.293
9.8,0.879,0.35
0.4,1.617,0.435
1.8,1.996,0.47
9.6,2.703,0.525
3.4,2.28,0.491
5.6,0.454,0.275
13.0,1.84,0.427
8.8,3.535,0.584
5.8,5.596,0.705
0.2,1.561,0.418
3.6,0.455,0.288
7.8,0.856,0.346
0.0,0.481,0.293
0.0,0.231,0.235
0.2,0.092,0.2
0.0,0.166,0.218
3.8,0.31,0.258
1.2,0.304,0.253
0.0,0.954,0.361
0.0,1.652,0.439
8.6,1.022,0.354
3.8,0.253,0.243
17.6,0.176,0.218
30.8,1.143,0.381
9.8,2.886,0.537
3.8,2.438,0.5
3.0,5.096,0.669
13.0,1.942,0.465
13.8,19.909,1.032
0.2,0.114,0.155
0.2,2.167,0.479
0.0,3.701,0.596
0.0,1.623,0.43
0.0,1.618,0.434
0.0,1.578,0.431
0.0,0.492,0.285
0.0,0.126,0.203
0.0,0.008,0.199
0.0,0.008,0.199
0.0,0.008,0.199
0.0,0.107,0.202
0.0,0.14,0.204
0.0,0.45,0.28
0.4,27.467,1.503
6.2,1.157,0.348
11.2,4.107,0.612
18.4,1.56,0.429
5.2,1.516,0.425
0.0,0.756,0.334
0.0,0.618,0.316
0.0,0.465,0.284
0.0,0.744,0.324
0.0,2.06,0.474
0.0,3.957,0.611
0.6,5.981,0.727
2.0,5.947,0.726
5.6,4.805,0.663
1.6,2.504,0.51
0.0,2.429,0.506
0.0,1.162,0.372
0.6,0.196,0.231
1.0,0.391,0.275
4.2,0.41,0.279
6.8,0.044,0.2
0.2,0.032,0.198
0.2,0.126,0.204
0.0,0.073,0.2
2.8,0.078,0.204
11.2,1.222,0.393
14.4,1.501,0.424
1.0,1.349,0.409
55.2,9.833,0.877
5.4,7.8,0.818
7.4,5.358,0.688
4.2,2.556,0.511
15.2,3.19,0.541
26.6,5.339,0.693
15.6,5.94,0.726
8.6,6.307,0.745
9.6,5.664,0.704
0.0,3.959,0.612
0.2,5.444,0.699
0.0,3.377,0.568
0.0,0.736,0.323
0.6,0.136,0.204
0.2,0.213,0.219
0.0,0.429,0.284
0.0,0.28,0.248
0.0,0.134,0.201
0.8,0.073,0.2
0.4,0.07,0.2
0.4,0.31,0.256
0.6,0.731,0.333
0.0,0.841,0.349
0.0,0.293,0.248
5.2,0.101,0.2
25.8,2.754,0.521
1.8,2.284,0.492
4.2,1.191,0.384
0.6,0.67,0.325
7.0,1.531,0.423
0.0,1.956,0.467
0.6,1.496,0.421
7.8,1.494,0.415
5.4,5.266,0.687
15.2,6.351,0.747
0.2,5.505,0.701
0.4,4.534,0.648
0.4,2.651,0.511
0.6,4.354,0.622
23.4,11.663,0.978
7.6,7.617,0.808
28.6,9.119,0.877
25.6,10.543,0.938
15.4,9.071,0.874
7.0,5.642,0.708
0.6,4.354,0.635
0.0,4.025,0.614
0.0,5.024,0.673
0.0,3.944,0.606
2.0,1.9,0.462
6.0,3.882,0.607
0.2,0.932,0.331
0.6,0.158,0.205
1.6,4.459,0.629
0.2,4.595,0.651
16.4,5.152,0.682
1.4,6.156,0.737
1.0,4.085,0.618
17.4,4.919,0.649
17.8,33.137,1.689
2.6,2.787,0.533
5.2,1.293,0.374
4.8,0.568,0.302
2.2,2.025,0.408
17.2,7.01,0.743
1.0,8.129,0.831
5.0,3.1,0.546
0.2,0.479,0.287
0.0,0.905,0.321
0.0,1.494,0.422
0.2,1.652,0.436
3.8,2.079,0.477
0.0,1.52,0.426
3.2,2.139,0.45
0.6,2.828,0.535
0.2,2.216,0.489
0.0,1.481,0.42
18.0,2.872,0.517
4.6,5.297,0.689
0.4,2.207,0.482
44.4,3.945,0.56
2.6,6.821,0.768
4.0,5.978,0.649
1.6,1.242,0.396
40.4,4.207,0.608
2.6,4.879,0.667
2.2,3.033,0.55
14.8,5.033,0.676
0.2,6.803,0.77
0.0,8.956,0.871
0.0,6.484,0.748
0.0,3.409,0.577
0.0,1.633,0.431
0.0,1.146,0.386
0.0,0.72,0.322
0.8,0.126,0.207
4.0,1.018,0.372
1.0,0.997,0.369
5.0,1.233,0.396
2.6,3.715,0.527
9.8,7.658,0.809
1.6,3.414,0.574
14.4,3.573,0.588
43.4,10.411,0.89
7.8,12.329,0.999
19.0,15.725,1.133
15.4,8.41,0.844
2.2,9.643,0.901
2.8,6.219,0.735
1.0,1.693,0.438
1.4,5.035,0.634
0.2,0.009,0.191
2.8,0.594,0.304
0.2,0.582,0.304
0.6,0.115,0.2
0.6,0.196,0.227
18.2,2.169,0.472
5.4,1.96,0.462
5.8,1.403,0.411
5.2,1.985,0.463
1.0,0.688,0.321
1.0,0.11,0.214
1.0,0.202,0.237
0.4,0.383,0.271
3.8,0.118,0.215
38.4,3.106,0.506
17.0,13.415,1.053
23.6,17.458,1.184
2.4,7.298,0.794
9.0,7.052,0.782
0.8,9.575,0.897
0.0,7.358,0.79
0.0,2.819,0.535
0.0,1.719,0.444
0.2,0.823,0.343
0.0,0.445,0.286
0.0,0.273,0.244
5.8,0.225,0.229
14.6,7.584,0.784
27.8,6.714,0.758
0.4,5.641,0.697
0.0,3.188,0.561
1.6,3.418,0.577
3.0,3.984,0.609
0.2,3.734,0.594
0.8,1.722,0.444
1.2,1.504,0.424
0.0,0.979,0.353
0.4,0.043,0.202
3.4,6.785,0.68
1.2,0.096,0.183
11.4,1.929,0.397
0.8,4.661,0.655
3.4,4.458,0.643
1.6,2.216,0.48
13.0,0.588,0.308
1.0,1.641,0.436
0.0,1.434,0.417
1.8,2.322,0.483
0.8,3.36,0.573
0.8,2.876,0.537
0.0,1.494,0.423
0.0,2.623,0.516
2.2,3.74,0.598
0.0,2.296,0.494
0.0,0.938,0.351
0.2,0.157,0.211
0.0,0.476,0.277
0.0,0.756,0.331
0.0,0.206,0.228
0.0,0.097,0.2
0.0,0.169,0.22
0.0,0.185,0.221
0.0,0.076,0.2
0.0,0.313,0.254
0.0,1.058,0.374
0.0,0.81,0.333
0.0,0.313,0.254
0.0,1.26,0.393
0.0,3.05,0.551
0.0,3.034,0.55
0.0,1.287,0.397
7.4,0.768,0.339
6.4,1.556,0.427
39.8,2.604,0.506
4.0,3.156,0.354
0.0,11.523,0.978
0.4,6.058,0.729
0.0,5.817,0.718
0.0,5.151,0.68
6.0,3.327,0.57
1.6,0.932,0.354
3.2,1.514,0.425
2.2,6.605,0.705
0.0,0.375,0.271
0.0,0.306,0.254
0.0,0.357,0.263
0.0,0.474,0.286
5.4,0.172,0.214
10.0,1.386,0.401
0.0,3.999,0.614
17.2,4.613,0.646
9.8,9.282,0.881
1.4,3.091,0.55
6.8,6.382,0.745
20.0,9.868,0.893
12.8,11.186,0.965
0.6,7.866,0.819
5.4,6.027,0.731
9.6,6.718,0.762
13.2,11.218,0.966
11.4,10.818,0.95
8.4,7.233,0.78
1.0,1.5,0.414
0.2,0.262,0.245
3.2,0.068,0.2
7.6,0.008,0.199
0.2,0.008,0.198
0.0,0.007,0.199
0.0,0.008,0.199
0.0,0.187,0.228
0.4,0.435,0.285
3.4,1.808,0.451
11.4,1.181,0.391
0.0,0.589,0.303
0.8,0.136,0.205
1.4,0.207,0.226
13.6,1.19,0.345
10.2,24.293,1.395
3.6,4.044,0.614
1.2,2.3,0.495
2.8,2.279,0.494
0.8,2.969,0.546
1.8,1.057,0.361
16.0,0.81,0.323
0.0,0.814,0.34
3.8,0.749,0.328
2.4,2.578,0.513
0.0,3.663,0.594
4.6,1.876,0.454
1.8,2.108,0.48
0.0,2.853,0.536
0.0,2.215,0.482
0.0,0.345,0.259
3.8,1.062,0.373
14.2,2.326,0.493
2.8,4.906,0.669
0.0,3.652,0.588
0.0,2.103,0.479
0.0,0.99,0.353
16.4,1.732,0.439
9.2,2.097,0.479
5.2,2.746,0.528
0.6,3.815,0.602
0.2,7.218,0.788
0.0,7.711,0.813
35.0,5.849,0.721
0.6,5.103,0.681
11.4,6.305,0.683
5.2,5.546,0.673
10.2,1.551,0.429
19.0,0.904,0.354
2.8,0.216,0.234
0.8,0.008,0.199
12.4,0.466,0.281
0.8,0.339,0.259
7.8,0.527,0.298
10.2,1.386,0.374
1.8,5.36,0.692
0.2,2.456,0.506
0.2,1.677,0.441
0.0,1.254,0.397
5.2,1.235,0.388
1.0,0.578,0.293
0.0,0.793,0.338
30.0,2.821,0.515
2.4,4.032,0.615
12.0,2.641,0.503
2.2,4.791,0.657
23.8,4.762,0.659
5.0,6.54,0.749
2.6,8.996,0.873
0.0,7.703,0.813
8.2,2.359,0.469
16.6,0.514,0.295
0.8,0.318,0.221
7.6,0.2,0.227
7.4,1.643,0.434
0.0,2.505,0.511
5.2,1.579,0.421
4.4,0.704,0.33
0.8,1.155,0.386
0.4,1.231,0.396
0.0,1.91,0.459
0.0,1.161,0.375
12.4,0.266,0.247
17.6,1.183,0.381
1.2,1.97,0.468
5.8,1.943,0.466
11.4,2.068,0.473
21.0,5.404,0.695
9.2,7.305,0.776
6.8,1.568,0.43
8.0,3.502,0.572
6.0,3.182,0.56
13.8,6.999,0.767
2.8,3.378,0.572
0.4,1.268,0.39
1.0,0.406,0.278
1.4,1.095,0.376
0.0,0.864,0.349
0.0,0.229,0.234
12.6,0.168,0.214
10.0,2.14,0.473
9.4,4.382,0.614
1.2,0.133,0.211
3.4,0.531,0.289
1.0,1.066,0.371
0.0,1.04,0.362
0.4,0.482,0.29
19.6,4.675,0.628
6.4,7.779,0.814
3.0,6.277,0.738
11.4,3.276,0.568
7.0,1.996,0.44
2.8,0.937,0.361
33.6,2.526,0.485
14.0,12.387,1.009
1.0,8.419,0.846
6.2,7.116,0.786
2.2,5.781,0.717
0.4,5.656,0.711
8.2,7.617,0.808
18.0,10.652,0.944
15.4,8.595,0.844
4.8,13.456,1.055
1.0,11.813,0.991
0.0,10.163,0.923
2.6,4.347,0.622
14.6,5.41,0.659
0.2,8.649,0.857
2.2,8.118,0.833
9.8,9.038,0.875
22.8,9.733,0.905
20.4,11.647,0.985
9.6,10.517,0.938
10.4,9.043,0.875
4.8,6.67,0.762
0.4,3.03,0.546
0.2,1.573,0.431
10.0,1.179,0.385
1.0,0.507,0.298
0.0,1.842,0.44
5.6,8.637,0.838
17.4,4.78,0.632
0.8,9.527,0.896
0.2,4.746,0.646
9.8,1.747,0.445
7.4,2.989,0.547
0.6,2.244,0.491
14.2,1.367,0.406
3.6,0.882,0.355
6.6,25.83,1.231
7.0,0.008,0.163
0.8,0.163,0.224
6.4,0.353,0.267
0.4,10.049,0.533
7.6,32.631,1.692
0.4,12.502,1.009
4.4,6.773,0.769
7.4,6.196,0.739
3.4,6.033,0.731
0.2,7.645,0.81
24.4,11.141,0.957
10.2,15.974,1.149
9.8,12.354,1.011
1.4,7.638,0.809
17.8,6.586,0.758
12.2,3.108,0.544
10.0,9.284,0.871
18.4,11.628,0.984
0.4,4.438,0.617
0.0,0.482,0.286
0.0,0.165,0.214
0.2,0.351,0.265
1.6,0.428,0.278
1.6,0.068,0.2
3.0,0.09,0.2
1.0,0.108,0.202
5.8,0.156,0.21
8.8,0.301,0.255
10.0,0.39,0.276
0.0,0.523,0.301
0.0,2.227,0.482
0.6,1.843,0.444
1.2,1.793,0.432
18.6,3.556,0.586
23.4,4.918,0.666
2.8,6.342,0.747
2.2,5.048,0.677
8.0,3.811,0.549
0.0,7.804,0.818
0.0,5.488,0.699
3.6,3.361,0.572
0.0,5.23,0.684
49.0,18.065,1.214
13.4,12.973,1.034
31.4,10.988,0.954
57.6,18.22,1.225
0.0,14.868,1.107
0.0,6.616,0.747
0.0,3.775,0.6
0.0,3.083,0.552
0.0,1.438,0.417
0.0,0.958,0.364
0.0,1.287,0.4
0.0,1.992,0.47
0.0,2.587,0.518
0.0,2.714,0.528
0.0,4.394,0.637
0.0,4.338,0.635
0.0,2.701,0.526
0.0,1.098,0.375
0.0,0.325,0.259
0.0,0.822,0.33
0.0,3.783,0.596
0.0,3.952,0.606
0.0,1.714,0.445
0.0,1.025,0.369
0.0,0.638,0.319
0.0,0.567,0.308
0.0,0.273,0.247
0.0,0.116,0.2
0.0,0.134,0.201
0.0,0.143,0.205
0.0,0.142,0.205
0.0,0.115,0.201
0.0,0.007,0.199
0.0,0.099,0.204
0.0,0.139,0.206
0.0,0.008,0.199
0.0,0.007,0.2
0.0,0.333,0.258
0.0,1.035,0.372
0.0,1.3,0.404
0.0,1.013,0.371
0.0,2.155,0.475
0.0,2.68,0.521
0.0,1.521,0.426
0.0,1.019,0.371
0.0,2.993,0.54
0.0,4.798,0.663
0.0,3.785,0.6
0.0,3.988,0.613
0.0,1.965,0.455
0.0,0.757,0.338
0.0,0.739,0.335
0.0,0.614,0.315
0.0,0.368,0.271
0.0,0.209,0.228
0.0,0.562,0.298
0.0,1.71,0.443
0.0,6.408,0.741
0.0,7.163,0.785
0.0,5.811,0.719
0.0,3.456,0.57
0.0,0.83,0.341
0.0,0.476,0.288
0.0,2.539,0.509
0.0,3.774,0.601
658.4,40.851,1.927
0.2,27.922,1.544
0.0,17.505,1.203
0.8,12.624,1.022
0.4,5.034,0.662
0.0,2.772,0.53
0.0,2.676,0.523
0.0,2.602,0.518
5.6,2.692,0.525
9.8,3.757,0.593
6.4,7.176,0.776
2.6,6.472,0.745
0.8,4.426,0.641
6.2,8.894,0.863
6.0,26.46,1.421
0.0,0.009,0.158
0.4,0.048,0.199
6.6,0.108,0.216
7.6,1.22,0.395
0.0,1.489,0.422
0.2,0.944,0.353
0.0,1.385,0.399
0.0,2.433,0.506
0.0,0.849,0.339
5.2,0.208,0.231
3.6,0.154,0.211
21.0,0.462,0.285
0.0,0.299,0.251
0.4,0.122,0.202
0.0,0.077,0.2
28.8,1.222,0.366
1.8,0.702,0.321
0.0,0.563,0.294
0.0,1.211,0.392
0.0,0.974,0.366
0.0,0.674,0.319
0.0,0.825,0.34
3.0,1.17,0.386
12.0,2.951,0.541
0.0,3.719,0.596
9.2,2.467,0.503
0.0,4.949,0.671
2.0,4.66,0.655
1.4,6.31,0.745
3.8,11.135,0.961
1.0,7.769,0.813
0.0,4.263,0.631
3.2,3.14,0.558
0.4,2.003,0.468
1.6,1.846,0.447
0.8,0.056,0.197
6.0,0.729,0.313
0.6,0.912,0.357
0.0,1.601,0.429
0.0,1.789,0.45
0.0,1.378,0.412
3.6,1.455,0.419
6.8,1.484,0.422
9.6,2.371,0.501
1.4,2.353,0.5
7.6,2.796,0.529
0.0,2.689,0.526
0.0,1.21,0.387
0.0,1.31,0.4
0.4,1.583,0.432
1.4,0.671,0.31
20.4,1.659,0.427
1.4,1.801,0.453
4.8,1.56,0.427
0.0,1.436,0.413
0.2,1.356,0.405
0.0,1.241,0.393
4.8,0.675,0.326
12.8,0.712,0.33
2.8,0.736,0.324
0.8,0.009,0.199
3.8,0.024,0.199
0.0,0.105,0.2
0.0,0.152,0.209
0.0,0.151,0.209
0.0,0.199,0.225
0.0,0.192,0.224
0.0,0.023,0.199
0.0,0.007,0.199
19.2,0.409,0.257
14.6,22.375,1.219
0.0,0.105,0.186
0.0,0.387,0.273
0.0,0.148,0.21
0.0,0.008,0.199
0.0,1.969,0.424
0.0,4.256,0.629
0.0,2.181,0.484
0.0,1.096,0.38
0.0,0.485,0.287
3.8,0.269,0.243
0.0,0.243,0.237
0.0,0.147,0.207
2.4,0.491,0.279
0.0,1.342,0.407
0.0,0.745,0.322
0.0,0.134,0.201
0.0,0.059,0.2
0.0,0.129,0.201
0.0,0.134,0.201
0.0,0.551,0.296
0.0,1.189,0.392
0.0,1.178,0.39
0.6,0.359,0.259
18.6,3.169,0.557
4.4,2.982,0.547
15.0,2.582,0.478
2.2,0.585,0.311
2.8,2.883,0.534
0.0,2.473,0.509
29.0,8.582,0.826
2.0,10.794,0.949
0.0,7.915,0.823
0.0,3.315,0.557
0.0,0.951,0.363
0.0,0.421,0.275
0.0,0.312,0.25
0.0,0.434,0.279
0.0,0.174,0.218
0.0,0.195,0.226
0.0,0.154,0.211
0.0,0.117,0.2
0.0,0.103,0.2
0.0,0.194,0.223
0.0,0.511,0.299
0.0,0.755,0.337
0.0,0.763,0.338
0.0,0.367,0.266
0.0,0.315,0.252
0.0,1.842,0.45
0.0,1.774,0.444
0.0,0.427,0.282
0.0,0.222,0.233
0.0,0.175,0.218
0.0,0.237,0.239
0.0,0.552,0.302
0.0,1.488,0.421
0.0,1.764,0.449
0.0,1.405,0.415
0.0,1.107,0.382
0.0,0.573,0.307
0.0,0.303,0.256
0.0,0.236,0.239
0.0,0.193,0.224
0.0,0.169,0.215
0.0,0.178,0.219
0.0,0.134,0.201
4.2,0.194,0.223
15.2,0.61,0.301
30.8,4.375,0.629
0.2,2.529,0.509
0.0,0.645,0.313
5.0,0.178,0.22
15.2,2.767,0.518
3.2,3.865,0.604
1.4,2.309,0.486
0.0,2.208,0.487
1.0,1.335,0.399
0.0,0.257,0.24
0.2,0.126,0.201
2.0,0.356,0.269
3.4,0.434,0.285
0.0,0.262,0.243
9.4,0.775,0.319
0.8,1.822,0.454
7.0,1.482,0.422
4.2,1.248,0.396
1.4,1.752,0.439
10.6,4.393,0.635
12.2,8.194,0.837
10.6,7.623,0.8
0.0,2.385,0.502
0.2,0.896,0.341
17.0,1.235,0.363
6.8,6.029,0.674
9.6,1.314,0.395
1.0,1.006,0.355
27.4,0.625,0.292
10.2,2.81,0.535
0.2,3.328,0.571
4.2,3.526,0.583
5.6,2.708,0.526
0.0,2.088,0.476
3.2,1.207,0.392
0.8,1.211,0.394
2.4,1.135,0.385
0.0,0.483,0.29
1.4,0.249,0.218
5.4,5.136,0.677
0.2,6.143,0.734
1.3,4.538,0.641
9.6,2.298,0.493
10.6,3.407,0.569
12.6,14.98,1.064
10.9,0.579,0.293
1.4,0.642,0.305
23.8,0.265,0.244
2.4,0.514,0.298
12.4,0.236,0.239
1.4,0.69,0.315
18.6,3.0,0.542
12.2,6.762,0.745
0.0,11.855,0.993
14.4,7.433,0.796
0.6,4.105,0.618
1.2,2.214,0.488
2.2,2.087,0.478
2.2,1.035,0.365
9.8,1.605,0.432
0.6,3.218,0.563
0.5,1.61,0.412
0.4,0.139,0.204
3.2,0.376,0.269
0.8,4.983,0.533
7.8,8.516,0.849
5.8,11.577,0.982
2.8,7.088,0.772
0.2,2.604,0.519
0.2,3.039,0.551
12.6,3.36,0.567
11.8,6.221,0.74
29.7,11.442,0.97
0.2,9.127,0.867
4.0,3.51,0.584
4.8,4.002,0.615
20.2,4.044,0.616
3.8,5.919,0.724
0.0,4.177,0.626
3.6,5.17,0.683
1.4,2.867,0.529
0.2,0.762,0.338
1.6,0.587,0.311
1.2,0.323,0.261
1.4,0.371,0.262
0.0,1.163,0.388
4.8,1.394,0.408
0.2,1.758,0.448
2.6,1.499,0.42
3.6,2.516,0.502
0.0,0.812,0.343
0.2,0.491,0.287
0.0,0.337,0.264
0.2,0.326,0.261
2.2,0.219,0.234
1.2,0.621,0.316
6.0,1.561,0.425
20.6,3.611,0.583
4.4,3.564,0.583
4.4,1.849,0.454
2.8,0.877,0.352
25.6,6.805,0.733
4.4,11.238,0.964
12.4,7.317,0.795
12.0,5.906,0.711
15.4,6.814,0.754
0.6,1.701,0.444
4.4,1.282,0.338
32.4,0.549,0.29
0.2,0.961,0.365
2.2,1.05,0.365
0.0,0.134,0.201
0.0,0.059,0.199
0.0,0.017,0.199
0.0,0.126,0.201
1.0,0.713,0.322
0.0,0.867,0.352
0.0,0.558,0.299
0.0,0.573,0.3
0.0,0.998,0.369
0.0,1.019,0.371
3.9,1.307,0.403
9.8,0.874,0.349
12.4,1.135,0.382
16.2,1.194,0.364
11.4,7.325,0.795
0.6,5.883,0.721
9.8,4.166,0.625
4.8,3.019,0.55
7.4,3.75,0.596
11.6,3.274,0.562
10.8,1.893,0.449
12.0,1.969,0.466
5.0,5.955,0.622
0.4,15.946,1.146
0.8,10.05,0.917
0.4,6.777,0.768
1.6,5.811,0.719
0.0,2.762,0.52
28.2,1.277,0.392
35.6,10.474,0.932
1.4,6.634,0.76
12.8,5.458,0.694
1.2,6.708,0.765
2.8,5.299,0.691
2.2,5.719,0.714
6.0,4.663,0.653
2.8,3.682,0.594
0.2,3.309,0.568
1.0,1.953,0.466
0.0,1.867,0.458
0.4,1.674,0.44
3.4,1.328,0.406
3.8,12.645,0.904
7.6,5.9,0.719
0.6,4.455,0.636
1.2,2.322,0.497
0.2,1.454,0.418
0.0,1.495,0.422
0.0,0.768,0.321
0.0,0.619,0.302
2.8,1.385,0.412
6.2,2.119,0.475
0.2,1.485,0.418
0.0,0.475,0.287
0.2,0.409,0.258
0.4,2.059,0.474
4.2,1.972,0.467
7.0,1.923,0.454
4.6,3.423,0.578
3.6,3.511,0.584
7.8,3.896,0.59
3.6,4.427,0.625
2.4,2.088,0.47
18.8,0.304,0.255
1.0,0.135,0.204
7.0,0.07,0.206
23.6,4.718,0.652
1.0,5.267,0.689
4.2,2.918,0.532
4.8,0.518,0.293
11.2,0.445,0.272
0.6,0.956,0.364
9.2,1.004,0.37
13.2,2.424,0.504
0.2,2.237,0.49
2.7,1.814,0.45
0.0,1.048,0.374
1.3,0.791,0.34
0.5,0.627,0.312
0.0,1.379,0.412
0.0,1.001,0.369
0.0,0.473,0.286
0.0,0.269,0.242
0.0,0.471,0.291
0.0,0.424,0.282
0.9,1.257,0.383
0.0,0.173,0.218
0.0,0.097,0.2
0.0,0.076,0.2
0.0,0.445,0.275
0.0,1.492,0.423
0.0,1.724,0.446
0.0,3.095,0.551
0.0,6.344,0.745
0.0,6.532,0.755
0.0,3.762,0.598
0.0,2.722,0.528
0.0,2.314,0.497
0.0,3.157,0.558
0.0,3.641,0.592
0.0,3.328,0.571
0.0,2.074,0.473
0.5,2.532,0.506
0.0,5.055,0.677
83.2,9.424,0.843
10.8,17.511,1.195
0.0,7.337,0.788
0.0,2.709,0.526
0.0,1.42,0.414
0.0,0.528,0.295
0.0,0.198,0.227
0.0,0.275,0.249
0.0,0.194,0.224
0.0,0.033,0.199
0.0,0.009,0.199
0.0,0.317,0.249
0.0,2.191,0.486
0.0,2.891,0.541
0.0,2.651,0.523
0.0,2.401,0.504
0.0,1.946,0.465
0.0,2.022,0.472
0.0,3.76,0.598
0.0,5.715,0.713
0.0,3.88,0.599
0.0,0.955,0.362
1.0,0.676,0.325
0.0,0.898,0.356
0.0,0.758,0.335
0.0,0.521,0.299
0.0,0.372,0.266
0.0,0.372,0.269
0.0,0.51,0.299
0.0,0.308,0.254
0.0,0.179,0.219
0.0,1.23,0.386
0.0,1.249,0.392
0.0,0.27,0.244
0.0,0.338,0.26
1.0,5.774,0.637
0.0,10.014,0.91
0.0,4.796,0.662
0.0,5.604,0.706
0.0,6.141,0.736
0.0,5.494,0.702
0.0,2.689,0.51
0.0,0.398,0.277
0.0,0.485,0.293
0.0,2.758,0.52
0.0,4.023,0.617
0.0,3.414,0.577
0.0,3.612,0.59
0.0,5.368,0.694
0.0,3.405,0.569
0.0,4.723,0.648
0.0,5.291,0.687
0.0,4.273,0.631
0.0,3.96,0.612
0.0,1.64,0.427
0.0,0.41,0.28
0.0,0.499,0.297
0.0,0.415,0.28
0.0,0.273,0.249
0.0,0.373,0.272
0.0,0.251,0.239
0.0,0.447,0.277
1.2,5.11,0.331
0.0,0.009,0.145
0.0,0.029,0.199
0.8,0.04,0.199
2.0,0.059,0.2
0.0,0.648,0.31
0.0,1.709,0.444
0.0,0.845,0.344
0.0,0.493,0.296
0.0,0.423,0.282
0.0,0.225,0.233
7.2,0.209,0.23
11.6,1.286,0.402
1.0,1.126,0.384
0.0,0.796,0.343
5.2,1.001,0.369
27.2,1.857,0.456
15.8,4.014,0.601
5.4,5.411,0.678
21.0,1.913,0.463
4.8,6.077,0.719
6.0,7.539,0.802
22.0,9.409,0.891
0.6,5.807,0.716
0.0,3.249,0.565
3.4,1.669,0.439
0.0,1.554,0.428
0.0,0.614,0.311
0.0,0.185,0.222
0.0,0.98,0.342
5.4,3.413,0.575
0.4,2.824,0.536
16.2,2.099,0.475
1.0,1.311,0.404
10.8,1.306,0.403
4.0,1.389,0.412
1.0,2.002,0.466
10.8,4.006,0.614
1.8,3.695,0.595
0.0,1.949,0.462
0.0,1.436,0.416
2.4,2.231,0.489
0.0,0.778,0.315
0.0,0.134,0.205
0.0,0.024,0.2
0.0,0.278,0.248
1.6,0.288,0.236
1.0,0.488,0.286
8.2,0.028,0.2
0.2,0.855,0.317
0.0,1.71,0.439
0.0,0.387,0.269
3.6,0.18,0.218
1.6,0.449,0.286
0.0,1.03,0.373
0.0,1.248,0.398
15.6,0.77,0.331
12.4,0.203,0.228
7.2,1.256,0.392
0.2,1.744,0.445
0.2,2.122,0.48
0.0,1.326,0.405
0.0,0.508,0.291
1.0,0.184,0.23
10.6,0.554,0.293
10.0,4.842,0.662
2.2,7.643,0.808
8.2,6.272,0.731
5.2,1.555,0.43
25.6,12.907,1.009
0.0,6.661,0.755
0.0,3.29,0.569
0.0,4.213,0.627
0.0,5.236,0.688
1.8,4.247,0.629
21.2,28.115,1.355
17.2,0.494,0.275
0.8,0.642,0.312
2.0,0.024,0.2
0.0,0.394,0.273
0.0,0.316,0.257
0.0,0.96,0.346
8.0,14.538,0.894
10.4,3.458,0.556
3.2,3.244,0.564
4.4,5.5,0.689
0.0,8.392,0.844
23.4,6.866,0.769
6.2,7.745,0.813
0.4,2.914,0.534
0.2,0.559,0.296
1.0,0.219,0.234
7.2,0.591,0.312
13.6,2.462,0.503
22.6,2.994,0.547
8.6,3.738,0.596
5.2,3.894,0.591
3.2,2.602,0.497
6.2,1.574,0.427
15.8,0.778,0.332
7.6,3.392,0.575
4.4,4.383,0.639
0.4,2.923,0.542
0.0,3.012,0.549
0.0,4.021,0.616
0.0,3.957,0.612
1.6,3.05,0.552
4.8,2.58,0.517
22.2,4.821,0.657
51.2,13.71,1.063
9.4,8.234,0.833
13.4,5.033,0.675
12.6,2.881,0.493
0.0,0.04,0.2
0.0,0.112,0.2
0.0,0.627,0.304
0.0,2.559,0.514
0.0,1.871,0.454
0.0,0.402,0.269
0.0,0.123,0.201
0.0,0.135,0.201
0.0,0.105,0.201
0.0,0.023,0.2
0.0,0.314,0.256
0.0,0.353,0.268
0.0,0.241,0.239
0.0,0.105,0.201
0.0,0.145,0.207
0.0,0.148,0.207
0.0,0.132,0.201
0.0,0.012,0.2
0.0,0.029,0.2
0.0,0.372,0.265
0.0,0.533,0.301
0.0,0.618,0.315
0.0,0.748,0.336
0.0,0.428,0.279
0.0,0.498,0.287
0.0,1.759,0.446
0.0,2.413,0.505
0.0,3.055,0.552
0.0,3.325,0.571
0.0,2.173,0.484
0.0,3.985,0.61
0.0,5.906,0.724
0.0,4.191,0.624
0.0,3.244,0.565
0.0,8.647,0.849
0.0,8.205,0.831
0.0,3.178,0.558
0.0,1.027,0.369
0.0,0.609,0.315
0.0,0.276,0.245
0.0,0.413,0.269
0.0,0.475,0.284
0.0,0.188,0.222
0.0,0.438,0.284
0.0,0.369,0.268
0.0,0.141,0.205
0.0,0.255,0.24
0.0,0.248,0.238
0.0,0.136,0.202
0.0,0.25,0.24
0.0,0.297,0.252
0.0,0.136,0.202
0.0,0.135,0.201
0.0,0.134,0.201
0.0,0.054,0.2
0.0,0.022,0.199
0.0,0.186,0.223
0.0,0.198,0.226
0.0,0.085,0.2
0.0,0.008,0.199
0.0,0.111,0.2
0.0,0.134,0.201
0.0,0.134,0.201
0.0,0.16,0.212
0.0,0.218,0.233
0.0,0.365,0.268
0.0,0.372,0.267
0.0,0.218,0.232
0.0,0.632,0.314
0.0,1.057,0.376
0.0,2.036,0.47
0.0,4.36,0.635
0.0,2.705,0.51
0.0,0.292,0.25
0.0,0.302,0.252
0.0,2.451,0.5
0.0,3.302,0.569
3.4,3.496,0.581
1.6,2.005,0.467
0.2,2.285,0.49
3.0,3.986,0.588
0.6,2.006,0.468
2.2,0.882,0.345
4.0,0.083,0.2
1.6,0.222,0.234
0.0,0.177,0.219
0.0,0.228,0.232
0.0,1.104,0.38
0.0,0.855,0.347
1.2,23.28,1.174
0.2,0.009,0.151
3.6,0.094,0.213
15.8,0.245,0.241
20.8,3.263,0.545
9.2,15.211,1.104
31.6,2.482,0.509
13.0,0.752,0.319
24.2,1.907,0.458
14.8,3.068,0.539
12.0,2.056,0.473
2.8,2.371,0.495
36.4,7.783,0.8
19.8,21.506,1.335
0.6,18.061,1.222
3.8,9.266,0.878
3.6,4.007,0.614
12.8,5.059,0.662
15.2,0.952,0.362
9.2,3.44,0.572
4.0,5.244,0.686
29.8,13.457,1.033
3.6,13.216,1.045
5.4,8.396,0.841
0.6,3.627,0.591
17.6,3.372,0.574
19.4,4.326,0.635
5.0,4.018,0.612
0.4,2.308,0.496
0.2,2.046,0.474
0.0,1.869,0.459
6.6,1.87,0.459
3.8,3.351,0.486
5.2,1.413,0.412
0.8,0.399,0.271
10.4,0.352,0.241
4.2,1.366,0.406
6.2,1.535,0.426
3.8,1.694,0.442
1.8,1.719,0.445
30.2,5.687,0.707
6.6,4.853,0.657
7.8,2.308,0.496
0.8,2.711,0.527
0.0,3.36,0.574
4.4,2.257,0.488
3.8,23.15,1.338
6.6,2.402,0.496
0.2,2.716,0.527
0.0,1.693,0.442
3.4,1.427,0.417
3.2,3.039,0.548
0.6,2.189,0.481
3.2,1.054,0.376
0.6,1.566,0.427
8.6,2.512,0.512
0.6,2.25,0.491
13.8,2.605,0.514
34.6,6.032,0.731
6.2,5.392,0.695
5.6,3.892,0.608
7.6,4.469,0.635
11.4,9.082,0.875
5.0,5.15,0.676
5.0,1.828,0.455
0.2,1.06,0.372
0.0,0.798,0.341
0.0,0.392,0.265
9.0,1.158,0.371
47.6,9.329,0.871
17.6,12.548,1.02
13.8,12.65,1.024
6.6,9.7,0.902
4.4,8.969,0.872
6.6,4.913,0.661
19.4,4.031,0.617
9.2,4.116,0.617
13.4,1.431,0.417
16.8,4.545,0.641
17.0,6.074,0.733
35.4,3.537,0.584
18.6,3.976,0.613
19.8,5.094,0.68
19.4,6.284,0.743
9.2,1.992,0.434
28.0,2.251,0.456
5.6,3.585,0.585
11.0,2.676,0.523
22.4,4.755,0.65
15.8,10.385,0.926
34.8,7.155,0.787
2.4,6.974,0.779
4.2,3.176,0.552
0.0,2.617,0.52
0.2,4.898,0.665
6.6,9.202,0.881
7.6,8.629,0.856
3.6,4.729,0.652
18.4,2.753,0.522
23.4,12.262,1.008
3.6,11.156,0.965
12.0,9.763,0.905
6.6,8.891,0.867
4.8,5.987,0.721
10.2,6.45,0.752
8.8,7.4,0.799
12.2,6.471,0.75
10.0,24.446,1.384
0.4,0.412,0.275
0.2,0.129,0.201
0.0,0.385,0.269
0.0,0.466,0.29
0.0,0.801,0.34
0.8,1.794,0.45
3.8,2.392,0.497
0.8,4.431,0.641
0.0,3.854,0.605
0.0,1.934,0.461
0.0,1.461,0.42
0.0,0.594,0.296
0.0,0.836,0.335
0.4,1.575,0.432
3.2,11.031,0.831
1.2,7.778,0.817
0.0,7.994,0.827
0.0,6.755,0.767
1.8,5.655,0.711
0.0,5.287,0.691
0.0,2.834,0.53
1.8,1.634,0.435
0.0,2.725,0.528
3.4,2.411,0.504
0.6,0.862,0.338
0.0,0.139,0.203
0.0,0.275,0.245
0.2,1.13,0.383
0.0,1.754,0.448
0.0,1.333,0.405
0.0,0.801,0.344
0.0,0.906,0.358
0.0,0.486,0.287
0.0,0.468,0.275
0.0,0.832,0.336
0.0,0.238,0.237
0.0,0.252,0.241
0.0,0.017,0.2
0.0,0.008,0.199
0.0,0.615,0.299
0.0,1.529,0.425
1.2,2.616,0.515
7.2,2.344,0.497
11.4,3.431,0.568
0.0,8.075,0.829
0.0,6.27,0.736
0.0,2.987,0.548
0.0,2.84,0.537
0.0,3.234,0.565
1.0,5.535,0.703
0.4,5.275,0.69
0.2,3.735,0.597
0.0,1.588,0.429
0.0,1.219,0.394
1.4,0.848,0.342
1.0,4.449,0.604
0.4,2.031,0.469
0.0,0.681,0.323
0.4,0.253,0.243
9.6,0.361,0.263
8.0,1.681,0.438
10.4,2.862,0.537
1.0,4.085,0.619
1.8,3.551,0.584
12.6,4.496,0.63
10.0,11.313,0.965
6.6,8.909,0.867
0.0,3.231,0.555
0.6,1.127,0.384
0.0,0.676,0.325
0.0,0.245,0.237
0.0,0.083,0.2
0.0,0.056,0.2
0.0,0.134,0.201
0.0,0.201,0.226
0.0,0.315,0.259
3.6,0.14,0.212
0.2,0.92,0.346
0.2,2.877,0.536
3.4,4.67,0.655
0.4,4.645,0.654
0.0,2.886,0.539
0.6,2.026,0.473
6.8,7.798,0.796
0.2,3.047,0.544
0.8,0.791,0.338
2.8,0.212,0.23
0.0,0.239,0.237
0.0,0.609,0.313
0.0,0.675,0.325
0.0,1.126,0.378
0.0,4.417,0.634
11.4,6.959,0.767
0.2,7.263,0.791
21.8,6.022,0.729
1.8,5.089,0.676
6.2,2.567,0.516
7.4,2.797,0.533
1.2,2.412,0.504
1.8,1.389,0.41
9.8,1.162,0.381
38.6,5.214,0.673
23.8,4.885,0.665
1.0,5.499,0.701
0.4,5.162,0.683
0.0,3.348,0.567
26.6,2.392,0.501
0.8,3.259,0.567
16.6,8.206,0.826
5.6,5.856,0.721
1.4,7.304,0.794
0.0,6.807,0.769
0.0,3.887,0.606
0.0,1.565,0.423
0.8,1.137,0.379
0.0,1.273,0.394
6.0,1.863,0.45
1.4,1.114,0.365
3.8,0.773,0.335
1.0,8.958,0.671
4.8,14.357,1.089
0.2,11.387,0.974
0.2,9.284,0.885
1.2,5.768,0.713
0.0,3.432,0.578
13.0,5.193,0.668
7.6,6.97,0.778
0.2,4.765,0.66
28.4,8.222,0.833
8.2,7.448,0.799
28.4,6.616,0.753
1.8,9.022,0.874
1.0,10.859,0.951
24.0,4.238,0.597
2.6,5.906,0.724
3.0,4.252,0.629
3.6,2.761,0.528
2.0,1.662,0.436
53.4,3.751,0.552
15.8,12.546,1.018
0.0,6.012,0.724
9.4,2.517,0.508
0.0,6.239,0.742
0.0,6.369,0.748
0.0,5.52,0.703
1.0,5.272,0.69
0.0,3.331,0.566
0.0,1.679,0.441
0.0,0.78,0.331
0.0,0.068,0.2
0.0,0.126,0.205
4.4,0.382,0.253
0.6,1.811,0.453
0.0,1.996,0.47
6.6,1.493,0.42
18.2,1.228,0.395
9.4,2.1,0.478
3.2,5.843,0.694
0.0,1.755,0.441
5.4,0.739,0.335
8.0,0.929,0.36
2.2,0.622,0.307
7.4,0.715,0.326
0.0,1.734,0.442
0.0,1.659,0.432
0.0,0.278,0.245
0.2,0.095,0.201
24.2,0.467,0.267
5.8,2.828,0.536
2.2,4.553,0.647
1.6,3.178,0.558
10.4,2.987,0.547
13.8,4.007,0.609
1.6,4.661,0.654
6.2,2.108,0.443
0.0,3.205,0.563
2.0,4.101,0.621
5.4,4.072,0.619
33.2,10.221,0.917
0.0,7.559,0.805
7.4,9.384,0.89
1.4,9.259,0.884
0.0,11.396,0.973
0.0,8.522,0.846
0.0,6.081,0.733
0.0,4.64,0.651
0.0,2.102,0.476
0.0,0.748,0.335
7.6,0.352,0.264
0.2,0.281,0.248
0.0,0.368,0.266
0.0,0.332,0.259
0.0,0.32,0.258
4.4,0.11,0.201
0.0,0.135,0.201
38.6,3.373,0.479
0.4,6.517,0.755
0.0,2.222,0.476
0.2,1.418,0.415
16.8,3.185,0.558
0.6,2.573,0.516
5.2,2.646,0.513
5.8,1.938,0.465
5.0,3.309,0.547
11.4,5.84,0.721
10.4,4.233,0.626
0.0,3.595,0.589
3.2,1.491,0.385
4.0,2.735,0.528
0.2,1.474,0.413
0.0,0.337,0.262
0.0,0.302,0.252
0.0,0.282,0.246
0.0,0.702,0.317
33.2,4.729,0.626
38.8,14.792,1.101
6.4,9.123,0.877
0.2,5.228,0.685
9.0,4.98,0.652
10.2,2.871,0.497
0.6,0.214,0.237
12.6,2.061,0.445
17.6,4.332,0.623
3.2,8.733,0.859
30.0,6.854,0.773
10.0,5.913,0.716
25.8,4.19,0.619
16.6,6.686,0.762
40.2,7.486,0.803
55.0,15.119,1.112
3.4,12.215,1.004
1.6,6.719,0.765
0.2,3.432,0.574
0.0,3.607,0.586
1.8,4.306,0.633
0.4,2.146,0.479
0.6,4.219,0.618
13.4,1.902,0.459
13.0,4.113,0.492
8.4,12.112,0.997
10.0,6.361,0.748
10.2,7.986,0.821
3.4,3.763,0.599
12.2,3.168,0.56
5.6,7.557,0.788
0.6,3.729,0.597
6.8,30.151,1.483
19.4,42.717,2.014
15.4,21.687,1.343
9.0,20.318,1.299
25.2,22.993,1.388
3.6,17.763,1.209
0.2,11.196,0.966
1.8,8.184,0.835
12.0,6.51,0.755
0.2,3.279,0.561
9.6,1.873,0.458
0.0,3.113,0.554
11.4,3.996,0.615
11.2,4.024,0.605
5.0,1.166,0.373
0.0,1.931,0.462
0.0,3.31,0.565
0.0,4.186,0.627
3.2,5.906,0.721
2.0,5.804,0.715
7.0,6.094,0.67
26.6,4.214,0.605
9.2,8.412,0.839
23.4,3.676,0.591
13.4,9.024,0.87
0.2,7.608,0.806
12.2,5.206,0.679
3.8,5.544,0.705
19.6,6.098,0.733
6.0,7.612,0.809
0.0,6.837,0.772
11.2,2.886,0.497
4.4,0.682,0.309
0.2,1.533,0.425
0.4,1.213,0.394
0.8,3.841,0.596
12.6,2.756,0.531
33.0,7.868,0.816
4.4,9.423,0.892
1.2,7.407,0.798
0.0,4.94,0.671
5.2,5.72,0.713
0.0,4.263,0.63
0.0,5.25,0.684
0.0,6.65,0.762
0.0,5.532,0.704
0.0,2.484,0.494
0.0,0.803,0.343
0.0,0.488,0.291
0.0,0.241,0.24
0.6,0.094,0.201
8.2,0.212,0.232
8.8,0.04,0.2
6.2,0.134,0.201
13.4,0.228,0.227
20.6,1.953,0.463
0.0,3.394,0.573
37.4,9.449,0.879
3.6,7.437,0.794
14.4,4.307,0.634
7.4,6.672,0.757
8.0,2.748,0.529
1.0,3.605,0.59
3.2,4.567,0.649
0.4,5.119,0.681
0.0,5.421,0.698
4.0,4.63,0.652
10.6,2.706,0.502
4.6,7.576,0.807
14.4,6.699,0.764
26.2,7.126,0.786
0.0,5.689,0.712
0.0,3.625,0.589
0.0,1.506,0.422
1.6,0.831,0.275
4.0,3.262,0.566
8.2,2.274,0.493
21.8,4.857,0.662
2.0,5.489,0.701
0.0,5.985,0.728
0.0,4.473,0.643
0.0,3.549,0.586
0.2,2.249,0.488
0.0,1.265,0.4
0.0,0.624,0.31
0.0,0.135,0.205
7.2,0.347,0.262
6.2,3.709,0.573
4.6,6.267,0.743
2.6,4.435,0.64
19.8,4.41,0.637
14.2,8.068,0.793
8.4,6.857,0.766
0.4,3.304,0.559
0.0,1.548,0.427
20.8,1.929,0.459
1.0,1.566,0.428
3.2,1.292,0.403
0.0,0.48,0.282
0.4,0.121,0.209
0.2,0.177,0.218
0.2,0.267,0.247
0.0,0.261,0.245
0.0,0.148,0.207
0.2,0.116,0.2
0.0,0.12,0.2
0.0,0.081,0.2
0.0,0.387,0.268
4.0,0.852,0.351
2.2,2.251,0.473
21.6,1.923,0.453
12.8,3.984,0.614
10.0,5.616,0.703
9.8,6.542,0.757
8.6,6.636,0.762
0.6,4.865,0.663
4.6,2.736,0.522
0.0,4.459,0.642
0.0,2.962,0.545
0.0,1.264,0.393
0.0,0.302,0.253
0.0,0.152,0.209
0.2,1.427,0.379
0.0,4.63,0.653
2.8,6.917,0.771
2.4,4.711,0.647
12.0,2.408,0.502
9.2,10.817,0.941
17.2,5.054,0.661
12.4,6.12,0.735
0.0,5.92,0.725
0.0,3.391,0.568
0.0,1.123,0.383
0.2,1.347,0.407
0.0,1.194,0.39
0.0,0.551,0.306
0.8,0.558,0.307
1.0,2.036,0.44
0.4,0.518,0.254
2.8,1.73,0.436
4.2,5.645,0.709
0.2,5.752,0.715
1.2,4.605,0.652
0.2,4.315,0.635
2.0,6.522,0.754
0.0,3.939,0.601
0.2,0.355,0.256
0.0,0.14,0.204
0.0,0.12,0.201
2.6,0.019,0.199
0.0,0.287,0.244
2.4,0.526,0.275
0.2,0.501,0.286
0.0,0.498,0.288
0.0,0.594,0.311
0.0,0.225,0.232
0.0,0.134,0.201
0.0,0.136,0.202
0.2,0.144,0.206
0.0,0.429,0.275
1.0,4.663,0.328
0.0,0.049,0.162
2.0,5.551,0.551
0.2,43.391,2.036
19.4,21.883,1.349
3.6,14.243,1.083
0.0,7.152,0.783
0.0,1.535,0.401
0.2,0.135,0.205
0.6,0.134,0.203
2.8,0.007,0.198
0.4,1.165,0.335
4.2,2.354,0.5
8.4,1.34,0.377
0.0,0.136,0.202
0.2,0.113,0.204
1.4,0.112,0.216
0.0,0.493,0.295
0.0,1.113,0.381
0.0,0.773,0.335
0.0,0.213,0.229
4.0,0.205,0.234
2.8,16.425,1.107
0.0,0.133,0.201
7.6,0.139,0.203
3.6,0.158,0.212
0.0,0.133,0.201
4.6,0.456,0.287
0.0,0.226,0.234
2.2,0.738,0.303
0.2,2.162,0.483
0.0,2.011,0.469
0.0,1.718,0.444
0.0,2.025,0.473
0.0,1.943,0.466
0.8,1.107,0.377
0.0,1.173,0.383
0.0,1.005,0.36
0.0,0.183,0.221
0.0,0.116,0.2
0.4,0.031,0.199
3.4,0.034,0.2
0.2,0.082,0.194
0.6,0.27,0.248
0.0,0.119,0.201
0.8,1.521,0.391
9.2,1.187,0.385
0.6,3.046,0.536
11.4,4.683,0.656
0.0,4.258,0.631
0.0,2.438,0.501
0.0,0.902,0.356
0.0,0.272,0.244
0.0,0.295,0.247
0.0,1.136,0.383
2.6,2.776,0.522
6.2,6.616,0.761
1.2,5.154,0.682
0.2,3.402,0.576
0.0,3.875,0.606
0.4,3.154,0.557
0.0,1.655,0.438
0.0,1.065,0.377
0.0,0.359,0.264
0.0,0.156,0.211
0.2,0.214,0.182
0.0,1.797,0.452
7.2,1.313,0.385
0.0,0.315,0.259
0.0,0.187,0.222
0.0,0.186,0.221
0.0,0.193,0.224
0.0,0.817,0.331
0.0,1.865,0.459
0.0,1.139,0.382
0.0,1.313,0.4
0.0,1.615,0.433
0.0,0.465,0.283
0.0,0.371,0.265
0.0,0.415,0.274
0.0,0.929,0.342
0.0,2.607,0.52
0.0,3.147,0.559
0.0,2.466,0.507
0.0,1.677,0.441
0.0,0.906,0.352
0.0,0.34,0.265
0.0,0.218,0.231
0.0,0.133,0.201
0.0,0.552,0.29
5.0,0.795,0.298
1.8,1.437,0.409
0.4,0.438,0.272
0.0,0.133,0.204
0.0,0.223,0.228
0.0,0.387,0.27
0.0,0.632,0.295
0.0,1.834,0.454
16.2,1.564,0.43
29.2,2.187,0.486
9.4,2.108,0.475
61.0,11.167,0.933
2.8,15.766,1.141
0.0,7.706,0.802
9.4,4.278,0.623
4.8,0.73,0.318
7.0,10.264,0.815
0.8,13.284,1.044
0.6,4.538,0.636
1.0,2.369,0.5
2.2,1.683,0.435
0.2,0.313,0.254
0.0,0.164,0.214
0.0,0.158,0.212
10.8,0.242,0.239
8.6,1.405,0.412
0.0,2.481,0.507
0.0,3.709,0.597
0.0,2.162,0.478
0.0,0.81,0.343
0.0,0.355,0.267
0.0,0.361,0.268
0.0,0.335,0.26
0.0,0.647,0.312
0.0,0.634,0.316
0.0,0.198,0.225
0.0,0.272,0.245
0.0,0.53,0.302
0.0,0.433,0.284
0.0,1.023,0.366
4.6,1.708,0.444
1.0,1.825,0.455
0.0,1.107,0.377
2.0,0.513,0.299
1.6,0.601,0.305
0.4,1.58,0.432
0.0,2.387,0.501
0.2,1.764,0.44
5.6,0.59,0.312
0.0,0.337,0.257
0.0,0.173,0.217
15.8,0.437,0.271
1.4,9.847,0.577
1.6,0.314,0.203
0.0,1.115,0.373
0.0,0.985,0.349
0.6,0.136,0.204
3.4,0.01,0.199
5.4,0.562,0.288
2.2,11.128,0.682
2.6,20.445,1.301
17.2,13.616,1.059
0.8,6.917,0.773
1.2,3.785,0.6
32.6,7.428,0.771
13.2,7.281,0.786
12.2,2.773,0.519
2.8,0.913,0.352
13.6,2.36,0.488
1.4,2.523,0.513
0.0,2.587,0.518
20.6,1.885,0.458
13.8,3.766,0.577
8.2,6.049,0.728
0.2,3.435,0.577
1.0,3.952,0.611
2.0,3.991,0.614
0.2,1.694,0.435
2.2,0.552,0.306
4.4,2.445,0.501
0.6,0.629,0.315
26.8,4.973,0.658
16.4,6.34,0.745
15.2,3.536,0.585
2.6,3.756,0.6
2.0,2.737,0.528
2.4,2.235,0.49
1.2,1.616,0.433
28.2,4.021,0.609
3.6,2.671,0.518
8.4,5.301,0.691
14.8,5.128,0.652
2.6,7.012,0.778
13.2,14.709,1.092
8.4,12.011,0.998
13.8,4.599,0.623
3.6,7.553,0.805
1.0,8.348,0.843
0.2,4.043,0.608
0.0,1.126,0.38
1.2,0.453,0.287
8.2,0.189,0.223
0.6,0.128,0.204
8.0,0.135,0.222
3.4,0.931,0.358
1.0,1.023,0.372
4.2,0.908,0.358
19.2,3.0,0.528
0.8,7.31,0.794
9.8,1.557,0.296
6.0,11.644,0.977
6.8,5.769,0.717
5.2,5.561,0.706
7.0,5.186,0.685
0.0,3.457,0.58
2.6,2.82,0.535
1.2,3.347,0.572
0.2,3.512,0.583
0.2,2.768,0.532
2.4,2.316,0.497
1.2,1.698,0.441
13.2,3.045,0.542
0.0,3.136,0.558
3.2,3.084,0.523
1.0,4.514,0.646
9.8,4.177,0.619
15.8,12.939,1.029
0.2,5.35,0.694
5.2,5.086,0.679
16.0,7.505,0.801
0.0,7.194,0.789
22.2,6.208,0.737
14.8,8.941,0.868
8.0,7.432,0.801
3.0,6.947,0.777
7.0,4.281,0.623
12.4,2.23,0.49
4.6,3.961,0.603
1.8,5.92,0.725
2.6,6.226,0.741
1.8,6.699,0.765
1.2,8.672,0.858
0.0,7.213,0.788
0.0,2.624,0.514
0.4,1.008,0.369
0.2,0.669,0.325
0.0,0.382,0.272
3.8,0.206,0.229
27.6,0.893,0.34
4.6,4.133,0.619
0.0,4.981,0.674
3.0,4.056,0.618
7.4,6.93,0.752
0.2,6.561,0.758
27.0,6.724,0.763
1.0,9.272,0.885
6.8,7.013,0.779
5.6,5.506,0.702
0.2,5.857,0.721
11.8,5.321,0.691
1.2,6.174,0.738
1.6,4.034,0.611
10.6,2.033,0.471
22.4,4.885,0.66
16.8,6.825,0.77
20.4,8.166,0.83
2.4,10.986,0.958
2.2,9.884,0.911
0.0,6.882,0.773
0.0,5.748,0.716
0.8,3.524,0.578
1.2,0.372,0.21
1.4,2.99,0.546
0.0,1.207,0.372
3.8,0.149,0.208
3.6,0.392,0.276
0.2,0.914,0.351
0.4,1.532,0.426
2.8,1.057,0.373
0.4,0.543,0.292
0.2,1.494,0.423
0.0,4.065,0.616
1.4,6.098,0.734
4.2,5.76,0.714
0.0,4.549,0.648
2.0,2.409,0.493
4.2,0.758,0.336
3.0,0.156,0.211
7.6,0.023,0.192
3.8,1.568,0.389
0.8,4.674,0.655
9.0,5.748,0.708
10.4,9.842,0.909
22.2,15.95,1.145
3.6,9.423,0.882
12.0,7.032,0.779
14.8,6.224,0.726
14.2,3.171,0.555
0.2,4.18,0.626
9.0,1.686,0.392
8.6,1.245,0.325
2.4,3.324,0.564
11.2,1.416,0.415
23.8,2.889,0.529
0.6,4.859,0.667
13.2,4.677,0.649
3.8,4.047,0.618
27.0,1.7,0.429
5.4,1.716,0.443
9.0,4.047,0.586
7.2,3.292,0.518
10.0,0.494,0.28
7.4,1.808,0.453
0.6,1.725,0.445
0.0,1.112,0.374
9.6,0.624,0.314
0.4,1.282,0.399
0.8,2.716,0.527
6.0,7.654,0.802
0.0,5.121,0.664
0.2,2.256,0.49
0.0,3.312,0.57
0.2,3.995,0.615
0.0,5.033,0.676
11.8,5.438,0.698
6.4,8.279,0.84
2.8,7.441,0.8
9.8,4.046,0.584
2.2,0.009,0.199
15.2,0.188,0.231
0.0,3.455,0.569
8.6,4.933,0.67
2.2,4.503,0.645
0.0,3.858,0.606
0.0,5.898,0.722
0.0,6.206,0.739
0.0,2.781,0.527
0.0,3.434,0.573
0.0,3.121,0.553
0.0,1.905,0.462
0.0,1.147,0.381
0.0,0.741,0.333
0.0,0.539,0.295
0.0,0.1,0.201
0.0,0.115,0.2
0.2,0.111,0.203
0.0,0.147,0.207
0.2,0.036,0.199
1.0,0.078,0.189
0.2,0.122,0.208
13.8,1.633,0.425
18.8,2.25,0.492
10.4,3.32,0.57
5.6,3.095,0.55
0.2,0.867,0.346
0.2,0.834,0.345
0.0,0.628,0.311
0.0,0.201,0.227
1.8,0.102,0.198
2.2,1.905,0.457
0.4,1.959,0.46
1.6,0.376,0.209
0.8,3.633,0.59
2.8,7.447,0.8
3.2,6.493,0.752
0.2,8.626,0.852
0.0,10.702,0.946
0.0,10.522,0.939
0.0,8.904,0.868
0.0,4.38,0.633
0.0,3.74,0.596
0.0,3.988,0.613
0.0,2.085,0.476
0.0,1.713,0.445
0.0,0.828,0.337
0.0,0.164,0.214
11.0,0.214,0.23
13.8,4.87,0.667
0.0,3.804,0.603
0.0,1.389,0.392
8.2,1.248,0.387
0.4,0.99,0.368
9.0,1.76,0.441
1.0,1.914,0.463
0.0,0.771,0.327
24.4,0.824,0.288
7.4,6.203,0.739
2.8,7.255,0.792
0.8,7.66,0.812
8.6,7.722,0.801
0.0,2.648,0.523
3.2,1.269,0.392
11.8,2.079,0.453
13.6,1.621,0.312
16.6,17.419,1.192
3.0,6.343,0.743
7.0,1.245,0.281
3.8,6.887,0.771
1.0,5.128,0.682
1.8,5.834,0.72
8.0,1.656,0.382
5.8,2.113,0.479
2.4,1.383,0.408
2.4,1.736,0.444
0.0,3.773,0.598
0.0,4.461,0.643
2.8,1.385,0.366
8.0,23.723,1.312
0.0,38.325,1.876
0.2,20.628,1.31
0.0,16.162,1.155
0.0,9.073,0.872
0.0,4.584,0.649
0.0,1.688,0.429
0.0,0.231,0.236
8.0,0.643,0.307
7.2,2.842,0.526
3.0,3.309,0.561
2.4,6.144,0.697
4.2,4.618,0.653
0.2,2.673,0.52
0.0,1.305,0.404
0.0,0.644,0.319
0.6,0.465,0.291
24.0,1.44,0.4
0.0,1.812,0.45
0.2,0.956,0.364
0.0,1.138,0.386
0.8,1.796,0.45
0.0,3.266,0.567
0.0,3.053,0.552
0.6,3.94,0.61
5.4,3.89,0.607
10.0,2.735,0.527
5.6,6.214,0.723
33.4,6.692,0.756
1.4,11.29,0.97
11.8,5.236,0.666
0.4,1.567,0.43
3.6,3.434,0.561
1.2,3.638,0.592
2.4,2.791,0.532
0.8,1.69,0.443
4.8,22.068,1.241
0.2,33.769,1.728
0.6,19.999,1.286
0.6,11.428,0.975
0.0,6.562,0.753
0.0,3.61,0.59
1.8,2.561,0.515
0.0,2.16,0.484
1.4,1.593,0.424
5.4,0.655,0.323
0.0,0.871,0.353
0.0,1.449,0.418
0.0,1.789,0.452
0.2,1.143,0.384
0.0,1.279,0.4
0.0,2.134,0.481
0.0,2.751,0.53
12.0,2.718,0.528
27.4,4.25,0.623
2.8,6.912,0.774
0.0,4.782,0.662
0.0,3.972,0.613
0.0,2.449,0.504
0.0,0.839,0.344
9.6,1.9,0.444
0.0,4.591,0.648
0.6,3.724,0.592
11.0,2.891,0.541
6.4,4.018,0.603
3.4,3.875,0.607
1.6,4.687,0.656
0.2,6.381,0.749
2.4,5.136,0.681
0.0,5.485,0.699
0.0,6.864,0.773
0.0,4.987,0.673
0.0,3.245,0.565
0.0,1.882,0.458
0.0,0.613,0.307
0.0,0.152,0.209
7.4,0.056,0.203
0.2,0.008,0.199
0.6,0.007,0.199
2.0,0.115,0.217
5.4,0.629,0.319
8.2,0.738,0.335
1.8,0.445,0.273
4.0,0.15,0.214
1.6,0.174,0.217
8.0,0.263,0.246
0.0,0.244,0.237
0.2,0.24,0.199
0.0,0.165,0.217
0.4,0.018,0.199
0.0,0.097,0.2
0.0,0.26,0.241
0.0,1.067,0.375
0.0,1.699,0.443
0.0,3.433,0.575
38.0,7.049,0.78
31.0,12.167,1.005
15.6,8.708,0.856
2.4,5.113,0.679
1.6,2.246,0.488
1.0,0.96,0.361
9.4,1.513,0.416
0.0,0.557,0.296
8.8,0.216,0.233
27.0,3.327,0.562
0.0,1.91,0.459
0.8,1.079,0.379
0.0,0.397,0.27
0.0,0.079,0.2
0.0,0.123,0.206
2.6,0.157,0.211
0.8,1.328,0.398
0.0,0.612,0.31
0.0,0.189,0.222
12.4,0.733,0.311
3.2,15.774,1.037
0.0,36.637,1.821
0.8,12.241,0.997
8.6,7.183,0.775
1.2,2.658,0.523
0.2,3.442,0.578
0.0,2.672,0.521
50.4,5.781,0.654
42.0,22.456,1.369
2.8,23.142,1.393
2.2,19.713,1.279
30.8,17.022,1.186
20.6,15.447,1.126
15.8,9.6,0.899
14.4,8.149,0.823
5.0,8.726,0.848
21.8,3.531,0.567
4.0,6.495,0.723
1.4,0.708,0.322
11.2,0.54,0.291
1.6,0.682,0.324
6.0,1.149,0.383
6.6,0.927,0.359
6.4,0.225,0.238
8.2,2.707,0.491
1.2,1.342,0.402
2.4,0.389,0.276
7.2,0.946,0.361
2.6,1.566,0.43
16.2,2.248,0.491
22.8,3.78,0.6
1.4,3.851,0.605
2.4,3.639,0.591
11.8,13.609,1.012
1.6,9.155,0.88
6.6,8.146,0.834
5.8,7.079,0.783
2.8,3.34,0.555
3.2,1.156,0.387
10.0,0.824,0.346
16.0,1.203,0.39
4.2,2.571,0.472
3.0,4.896,0.667
8.6,2.174,0.441
4.0,3.435,0.578
16.0,3.532,0.508
5.0,0.952,0.363
0.8,0.967,0.365
5.0,8.813,0.835
0.4,2.986,0.545
6.2,5.606,0.591
0.0,1.012,0.362
8.4,2.041,0.473
15.6,2.044,0.469
0.8,2.963,0.546
2.4,3.693,0.596
3.4,3.134,0.554
2.0,0.639,0.294
7.8,0.063,0.2
1.8,0.122,0.201
1.2,0.139,0.216
12.6,0.568,0.305
7.6,1.122,0.378
4.0,1.344,0.395
3.2,0.058,0.2
4.8,0.617,0.311
0.0,0.71,0.331
0.4,1.446,0.415
0.2,1.111,0.365
6.0,0.493,0.29
0.0,0.458,0.289
0.8,0.806,0.329
0.0,2.331,0.498
0.0,2.477,0.51
0.2,1.318,0.394
0.0,0.363,0.27
0.6,0.752,0.332
0.0,0.379,0.273
0.0,1.04,0.37
0.0,0.54,0.288
0.0,0.378,0.268
0.0,0.336,0.258
0.0,0.09,0.2
0.0,0.018,0.199
6.6,0.134,0.201
1.6,0.665,0.322
1.0,0.728,0.331
10.4,0.263,0.242
0.2,0.583,0.309
0.2,0.796,0.343
7.0,0.516,0.291
1.2,0.233,0.237
8.8,0.854,0.347
5.8,3.716,0.554
18.8,3.833,0.601
14.0,4.675,0.602
12.0,7.438,0.794
12.4,14.86,1.108
32.6,16.132,1.153
5.0,11.257,0.963
0.8,7.311,0.795
0.2,4.744,0.655
10.0,2.331,0.494
14.0,5.665,0.711
13.2,7.002,0.768
4.8,3.52,0.58
16.6,7.863,0.802
0.4,6.66,0.759
20.6,36.773,1.733
34.6,32.198,1.679
9.2,19.221,1.249
6.6,3.256,0.451
9.2,4.696,0.649
28.6,15.172,1.092
10.4,14.287,1.081
3.0,10.73,0.946
0.2,9.018,0.87
0.6,4.502,0.643
2.8,4.017,0.615
1.0,5.206,0.686
1.4,5.807,0.719
13.6,6.317,0.744
0.6,5.647,0.709
2.0,3.037,0.547
3.0,1.528,0.35
0.6,0.608,0.312
0.2,0.613,0.314
0.8,2.341,0.457
2.6,7.087,0.781
1.8,4.018,0.613
7.4,2.476,0.51
13.8,3.947,0.609
3.0,6.208,0.739
7.0,7.708,0.814
1.8,4.986,0.665
0.2,1.323,0.402
0.0,0.822,0.347
1.4,0.91,0.356
0.0,2.078,0.474
7.8,3.081,0.547
1.6,3.21,0.554
2.2,0.975,0.358
0.0,0.182,0.221
0.0,0.188,0.222
0.0,0.776,0.326
4.4,4.407,0.505
1.0,8.722,0.86
11.2,9.103,0.877
11.4,8.192,0.836
1.8,4.324,0.625
1.8,5.63,0.7
3.4,6.519,0.755
4.8,7.115,0.784
0.6,2.877,0.53
1.2,0.991,0.347
0.2,9.265,0.783
0.0,1.148,0.386
0.2,1.469,0.421
0.0,1.219,0.394
0.0,0.812,0.345
0.0,1.235,0.394
0.0,1.113,0.379
0.0,0.293,0.25
1.2,0.142,0.207
1.0,0.076,0.194
